-- MySQL dump 10.13  Distrib 5.7.34, for osx10.12 (x86_64)
--
-- Host: localhost    Database: akram-zarai-markaz
-- ------------------------------------------------------
-- Server version	5.7.34

/*!40101 SET @OLD_CHARACTER_SET_CLIENT=@@CHARACTER_SET_CLIENT */;
/*!40101 SET @OLD_CHARACTER_SET_RESULTS=@@CHARACTER_SET_RESULTS */;
/*!40101 SET @OLD_COLLATION_CONNECTION=@@COLLATION_CONNECTION */;
/*!40101 SET NAMES utf8 */;
/*!40103 SET @OLD_TIME_ZONE=@@TIME_ZONE */;
/*!40103 SET TIME_ZONE='+00:00' */;
/*!40014 SET @OLD_UNIQUE_CHECKS=@@UNIQUE_CHECKS, UNIQUE_CHECKS=0 */;
/*!40014 SET @OLD_FOREIGN_KEY_CHECKS=@@FOREIGN_KEY_CHECKS, FOREIGN_KEY_CHECKS=0 */;
/*!40101 SET @OLD_SQL_MODE=@@SQL_MODE, SQL_MODE='NO_AUTO_VALUE_ON_ZERO' */;
/*!40111 SET @OLD_SQL_NOTES=@@SQL_NOTES, SQL_NOTES=0 */;

--
-- Table structure for table `accounts`
--

DROP TABLE IF EXISTS `accounts`;
/*!40101 SET @saved_cs_client     = @@character_set_client */;
/*!40101 SET character_set_client = utf8 */;
CREATE TABLE `accounts` (
  `id` int(11) NOT NULL AUTO_INCREMENT,
  `createdDate` date DEFAULT NULL,
  `name` varchar(255) NOT NULL,
  `type` varchar(255) NOT NULL,
  `openingBalance` float DEFAULT NULL,
  `description` varchar(255) DEFAULT NULL,
  `bankName` varchar(255) DEFAULT NULL,
  `bankAccountNumber` varchar(255) DEFAULT NULL,
  `isDefault` tinyint(1) DEFAULT NULL,
  `referenceId` int(11) DEFAULT NULL,
  `createdAt` datetime NOT NULL,
  `updatedAt` datetime NOT NULL,
  PRIMARY KEY (`id`)
) ENGINE=InnoDB AUTO_INCREMENT=111 DEFAULT CHARSET=utf8;
/*!40101 SET character_set_client = @saved_cs_client */;

--
-- Dumping data for table `accounts`
--

LOCK TABLES `accounts` WRITE;
/*!40000 ALTER TABLE `accounts` DISABLE KEYS */;
INSERT INTO `accounts` VALUES (1,'2022-03-01','Madina Chowk Cash','Cash',19240,'','','',1,NULL,'2022-03-31 08:53:18','2022-03-31 08:53:18'),(2,'2022-04-01','Rizwan Gillani Account','Customer',0,'','','',0,1,'2022-04-01 12:52:25','2022-04-01 13:04:22'),(3,'2022-04-01','Mahar Allah Baksh Account','Customer',2550,'','','',0,2,'2022-04-01 12:58:14','2022-04-01 12:58:14'),(4,'2022-04-01','Mulazim Hussain Zarghr Account','Customer',12248,'','','',0,3,'2022-04-01 13:01:29','2022-04-01 13:01:29'),(5,'2022-04-01','Haji Allah Rakha Rando Account','Customer',36950,'','','',0,4,'2022-04-01 13:03:29','2022-04-01 13:03:29'),(6,'2022-04-01','Mahar Yaseen Account','Customer',550,'','','',0,5,'2022-04-01 13:11:34','2022-04-01 13:11:34'),(7,'2022-04-01','Bilal Sabse Wala Account','Customer',14780,'','','',0,6,'2022-04-01 13:13:28','2022-04-01 13:14:17'),(8,'2022-04-01','Hasnain Khan Rando Account','Customer',8080,'','','',0,7,'2022-04-01 13:18:18','2022-04-01 13:18:18'),(9,'2022-04-01','Hafiz Gulam Murtaza Account','Customer',2350,'','','',0,8,'2022-04-01 13:20:29','2022-04-01 13:20:29'),(10,'2022-04-01','Syed Imran Shah Account','Customer',37950,'','','',0,9,'2022-04-01 13:22:14','2022-04-01 13:22:14'),(11,'2022-04-01','Gulam Rasool Gowance Account','Customer',48400,'','','',0,10,'2022-04-01 13:25:47','2022-04-01 13:25:47'),(12,'2022-04-01','Zafer Silla Account','Customer',30020,'','','',0,11,'2022-04-01 13:27:19','2022-04-01 13:27:19'),(13,'2022-04-01','Muktar Technofarm Account','Customer',133120,'','','',0,12,'2022-04-01 13:30:07','2022-04-01 13:30:07'),(14,'2022-04-01','Nawaz Khan Rando Account','Customer',31850,'','','',0,13,'2022-04-01 13:32:48','2022-04-01 13:32:48'),(15,'2022-04-01','Mumtaz Khan Rando Account','Customer',20850,'','','',0,14,'2022-04-01 13:34:56','2022-04-01 13:34:56'),(16,'2022-04-01','Shahid Khan  Account','Customer',88020,'','','',0,15,'2022-04-01 13:38:15','2022-04-01 13:38:15'),(17,'2022-04-01','Mahar Nadeem F/O Account','Customer',70050,'','','',0,16,'2022-04-01 13:41:40','2022-04-01 13:41:40'),(18,'2022-04-01','Abdulkaliq Khan Nari Account','Customer',29060,'','','',0,17,'2022-04-01 13:43:02','2022-04-01 13:43:02'),(19,'2022-04-01','Akram Cheena  Account','Customer',1300,'','','',0,18,'2022-04-01 13:44:20','2022-04-01 13:44:20'),(20,'2022-04-01','Ameer Khan Nari Account','Customer',48900,'','','',0,19,'2022-04-01 13:45:59','2022-04-01 13:45:59'),(21,'2022-04-01','Israr Shah Account','Customer',800,'','','',0,20,'2022-04-01 13:47:14','2022-04-01 13:47:14'),(22,'2022-04-01','Allied Bank Khairpur Account','Customer',5000,'','','',0,21,'2022-04-01 13:48:58','2022-04-01 13:48:58'),(23,'2022-04-01','Mian Hsnan Pirzada Account','Customer',39750,'','','',0,22,'2022-04-01 13:51:16','2022-04-01 13:51:16'),(24,'2022-04-01','Malik Abbas Bohar Account','Customer',32350,'','','',0,23,'2022-04-01 13:54:26','2022-04-01 13:54:26'),(25,'2022-04-01','Mujahid Kobhar Account','Customer',29450,'','','',0,24,'2022-04-01 13:56:59','2022-04-01 13:56:59'),(26,'2022-04-01','Jandwada idirar Account','Customer',800,'','','',0,25,'2022-04-01 13:58:49','2022-04-01 13:58:49'),(27,'2022-04-01','Shair Khan Abbasi Account','Customer',1250,'','','',0,26,'2022-04-01 13:59:55','2022-04-01 13:59:55'),(28,'2022-04-01','Mian Gulam Abbas Pirzada Account','Customer',23380,'','','',0,27,'2022-04-01 14:01:58','2022-04-01 14:01:58'),(29,'2022-04-01','Allah Baksh Punyan Account','Customer',800,'','','',0,28,'2022-04-01 14:03:34','2022-04-01 14:03:34'),(30,'2022-04-01','Aslam Khan Rando Account','Customer',3950,'','','',0,29,'2022-04-01 14:04:47','2022-04-01 14:04:47'),(31,'2022-04-01','Shair Khan Rando Account','Customer',65530,'','','',0,30,'2022-04-01 14:06:49','2022-04-01 14:56:42'),(32,'2022-04-01','Abid Wanjara Sahib Account','Customer',90100,'','','',0,31,'2022-04-01 14:08:17','2022-04-01 14:08:17'),(33,'2022-04-01','M.Hussain Bijali wala Account','Customer',40900,'','','',0,32,'2022-04-01 14:11:23','2022-04-01 14:11:23'),(34,'2022-04-01','Allah Nawaz Lack Account','Customer',11030,'','','',0,33,'2022-04-01 14:12:33','2022-04-01 14:12:33'),(35,'2022-04-01','Najaf Madher Account','Customer',4000,'','','',0,34,'2022-04-01 14:13:57','2022-04-01 14:13:57'),(36,'2022-04-01','Dr Akram Sarow Account','Customer',10800,'','','',0,35,'2022-04-01 14:15:29','2022-04-01 14:15:29'),(37,'2022-04-01','Mahar Zawar  Account','Customer',1600,'','','',0,36,'2022-04-01 14:16:26','2022-04-01 14:16:26'),(38,'2022-04-01','Amin Khan Gowance Account','Customer',7460,'','','',0,37,'2022-04-01 14:18:33','2022-04-01 14:18:33'),(39,'2022-04-01','Mahar Iqbal shakhewan Account','Customer',329860,'','','',0,38,'2022-04-01 14:22:39','2022-04-01 14:22:39'),(40,'2022-04-01','Mr Abdulaziz Account','Customer',6850,'','','',0,39,'2022-04-01 14:24:57','2022-04-01 14:24:57'),(41,'2022-04-01','Afzal Kabho Account','Customer',11730,'','','',0,40,'2022-04-01 14:27:48','2022-04-01 14:27:48'),(42,'2022-04-01','CH Irshad Mustajer Account','Customer',17100,'','','',0,41,'2022-04-01 14:29:12','2022-04-01 14:29:12'),(43,'2022-04-01','Manzor Bhatti Account','Customer',2400,'','','',0,42,'2022-04-01 14:30:04','2022-04-01 14:30:04'),(44,'2022-04-01','Ch AbdulGafar Mustajer Account','Customer',10250,'','','',0,43,'2022-04-01 14:32:28','2022-04-01 14:32:28'),(45,'2022-04-01','Mumtaz Bhatti hamsaya Account','Customer',8500,'','','',0,44,'2022-04-01 14:33:49','2022-04-01 14:33:49'),(46,'2022-04-01','Allah Rakha Chandram Account','Customer',3825,'','','',0,45,'2022-04-01 14:34:45','2022-04-01 14:34:45'),(47,'2022-04-01','Allah Rakha Kpt Account','Customer',3400,'','','',0,46,'2022-04-01 14:36:31','2022-04-01 14:36:31'),(48,'2022-04-01','Akram Kokara Account','Customer',2850,'','','',0,47,'2022-04-01 14:37:35','2022-04-01 14:37:35'),(49,'2022-04-01','itsham Muneer Account','Customer',77177,'','','',0,48,'2022-04-01 14:39:51','2022-04-01 14:39:51'),(50,'2022-04-01','Syed Khazir Gillani Account','Customer',3830,'','','',0,49,'2022-04-01 14:41:14','2022-04-01 14:41:14'),(51,'2022-04-01','Ch Tanveer  Account','Customer',1150,'','','',0,50,'2022-04-01 14:45:41','2022-04-01 14:45:41'),(52,'2022-04-01','Malik Kadem Account','Customer',1200,'','','',0,51,'2022-04-01 14:46:42','2022-04-01 14:46:42'),(53,'2022-04-01','Mahar Haqnawz Mustajer Account','Customer',1080,'','','',0,52,'2022-04-01 14:48:58','2022-04-01 14:48:58'),(54,'2022-04-01','Gulam Fareed Patwari  Account','Customer',16200,'','','',0,53,'2022-04-01 14:50:30','2022-04-01 14:50:30'),(55,'2022-04-01','Rana Nasir Account','Customer',8250,'','','',0,54,'2022-04-01 14:51:42','2022-04-01 14:51:42'),(56,'2022-04-01','Javed Mucher Account','Customer',42195,'','','',0,55,'2022-04-01 14:53:26','2022-04-01 14:53:26'),(57,'2022-04-01','Mahar Irshad Account','Customer',20960,'','','',0,56,'2022-04-01 14:55:13','2022-04-01 14:55:13'),(58,'2022-04-01','M.Salman Gillani  Account','Customer',24300,'','','',0,57,'2022-04-01 14:56:10','2022-04-01 14:56:10'),(59,'2022-04-01','Malik Allah Yar Account','Customer',7550,'','','',0,58,'2022-04-01 14:59:26','2022-04-01 14:59:26'),(60,'2022-04-01','Shahid Dangra Account','Customer',4495,'','','',0,59,'2022-04-01 15:01:01','2022-04-01 15:01:01'),(61,'2022-04-01','Javed Ismail jaffer Account','Customer',125316,'','','',0,60,'2022-04-01 15:02:26','2022-04-01 15:02:26'),(62,'2022-04-01','Meezan Bank Kpt Account','Customer',17640,'','','',0,61,'2022-04-01 15:04:07','2022-04-01 15:04:07'),(63,'2022-04-01','Mahar Ismail phtal Account','Customer',1300,'','','',0,62,'2022-04-01 15:05:54','2022-04-01 15:05:54'),(64,'2022-04-01','Ch Sabir Ali Account','Customer',5100,'','','',0,63,'2022-04-01 15:06:52','2022-04-01 15:06:52'),(66,'2022-04-01','Sadiq Kabho Mustajer Account','Customer',54750,'','','',0,65,'2022-04-01 15:16:44','2022-04-01 15:16:44'),(69,'2022-04-01','Rahim Baksh Account','Customer',6900,'','','',0,68,'2022-04-01 15:26:22','2022-04-01 15:26:22'),(72,'2022-04-01','Exert chemicals Account','Company',-106548,'','','',0,2,'2022-04-01 15:37:27','2022-04-01 15:37:27'),(74,'2022-04-01','Jaffer Agro Account','Company',171090,'','','',0,4,'2022-04-01 15:42:29','2022-04-01 15:42:29'),(75,'2022-04-01','Usman Korampur Account','Customer',18500,'','','',0,70,'2022-04-01 15:44:34','2022-04-01 15:44:34'),(76,'2022-04-01','Lal Khan  Account','Customer',700,'','','',0,71,'2022-04-01 15:45:31','2022-04-01 15:45:31'),(77,'2022-04-01','Salman Jazz cash','Online',0,'','jazz','03009626001',0,NULL,'2022-04-01 15:52:18','2022-04-01 15:52:18'),(78,'2022-04-01','Rizwan Jazz Cash','Online',0,'','jazz','03006819085',0,NULL,'2022-04-01 15:53:29','2022-04-01 15:53:29'),(79,'2022-04-01','Meezan Bank','Online',17640,'','Meezan','98880104591270',0,NULL,'2022-04-01 15:56:21','2022-04-01 15:56:21'),(80,'2022-04-01','Allid bank','Online',5000,'','allid','03009686679',0,NULL,'2022-04-01 15:57:35','2022-04-01 15:57:35'),(81,'2022-04-01','Meezan Bank salman','Online',0,'','Meezan','98880104784987',0,NULL,'2022-04-01 16:00:10','2022-04-01 16:00:10'),(82,'2022-04-01','vatel agro Account','Company',-37420,'','','',0,5,'2022-04-01 16:10:41','2022-04-01 16:10:41'),(83,'2022-04-02','Orange Protection Account','Company',28000,'','','',0,6,'2022-04-02 14:33:39','2022-04-02 14:33:39'),(84,'2022-04-02','Pasha agro Account','Company',925,'','','',0,7,'2022-04-02 14:49:24','2022-04-02 14:49:24'),(85,'2022-04-02','Tara Account','Company',0,'','','',0,8,'2022-04-02 16:04:17','2022-04-02 16:04:17'),(86,'2022-04-02','CS Multan Account','Company',0,'','','',0,9,'2022-04-02 16:31:37','2022-04-02 16:31:37'),(87,'2022-04-02','Zhengbang Account','Company',0,'','','',0,10,'2022-04-02 16:44:49','2022-04-02 16:44:49'),(88,'2022-04-02','Target Account','Company',0,'','','',0,11,'2022-04-02 17:08:45','2022-04-02 17:08:45'),(89,'2022-04-03','Akram Khan Sahib Account','Customer',917192,'','','',0,81,'2022-04-03 12:05:40','2022-04-03 12:05:40'),(90,'2022-04-03','Ch Zafar  Account','Customer',2000,'','','',0,82,'2022-04-03 12:23:24','2022-04-03 12:23:24'),(91,'2022-04-03','Mahar Gafoor Account','Customer',1200,'','','',0,83,'2022-04-03 12:41:29','2022-04-03 12:41:29'),(92,'2022-04-03','Zulfqar siyal Account','Customer',1700,'','','',0,84,'2022-04-03 12:43:00','2022-04-03 12:43:00'),(93,'2022-04-03','Syed Irfan  Account','Customer',5244,'','','',0,85,'2022-04-03 12:59:43','2022-04-03 12:59:43'),(94,'2022-04-03','Technofarm Account','Company',1340320,'','','',0,12,'2022-04-03 17:56:57','2022-04-03 17:56:57'),(95,'2022-04-04','Haji Aman ullah  Account','Company',-100000,'','','',0,13,'2022-04-04 15:42:42','2022-04-04 15:42:42'),(96,'2022-04-04','Bayer Pakistan Account','Company',2872740,'','','',0,14,'2022-04-04 15:57:31','2022-04-04 15:57:31'),(97,'2022-04-05','Akram Seeds Account','Company',0,'','','',0,15,'2022-04-05 08:47:12','2022-04-05 08:47:12'),(98,'2022-04-05','Golden Crop Account','Company',0,'','','',0,16,'2022-04-05 14:43:54','2022-04-05 14:43:54'),(99,'2022-04-05','Arysta Account','Company',0,'','','',0,17,'2022-04-05 15:44:27','2022-04-05 15:44:27'),(100,'2022-04-05','ICI PAKISTAN Account','Company',0,'','','',0,18,'2022-04-05 16:01:03','2022-04-05 16:01:03'),(101,'2022-04-05','Muzzmil khan Account','Company',-147082,'','','',0,19,'2022-04-05 18:25:17','2022-04-05 18:25:17'),(102,'2022-04-06','Shafiq Baig Sahib Account','Customer',138050,'','','',0,87,'2022-04-06 08:18:16','2022-04-06 08:18:16'),(103,'2022-04-06','Qaseer F/o Account','Customer',4835,'','','',0,88,'2022-04-06 10:06:17','2022-04-06 10:06:17'),(104,'2022-04-06','Tasleem Tradres Account','Company',-19150,'','','',0,20,'2022-04-06 10:18:30','2022-04-06 10:18:30'),(105,'2022-04-06','Ibrahim Rando Account','Customer',0,'','','',0,89,'2022-04-06 12:09:20','2022-04-06 12:09:20'),(106,'2022-04-06','Mushtaq Khan Rando  Account','Customer',0,'','','',0,90,'2022-04-06 12:55:58','2022-04-06 12:55:58'),(107,'2022-04-06','Malik Waris Account','Customer',2850,'','','',0,91,'2022-04-06 15:28:29','2022-04-06 15:28:29'),(108,'2022-04-06','Mahar atta Muhammand Account','Customer',50,'','','',0,92,'2022-04-06 16:26:45','2022-04-06 16:26:45'),(109,'2022-04-06','CH Khurshid Account','Customer',0,'','','',0,93,'2022-04-06 17:48:27','2022-04-06 17:48:27'),(110,'2022-04-10','Mahar Nawaz  Account','Customer',0,'','','',0,95,'2022-04-10 13:26:11','2022-04-10 13:26:11');
/*!40000 ALTER TABLE `accounts` ENABLE KEYS */;
UNLOCK TABLES;

--
-- Table structure for table `accounttransactions`
--

DROP TABLE IF EXISTS `accounttransactions`;
/*!40101 SET @saved_cs_client     = @@character_set_client */;
/*!40101 SET character_set_client = utf8 */;
CREATE TABLE `accounttransactions` (
  `id` int(11) NOT NULL AUTO_INCREMENT,
  `transactionDate` date DEFAULT NULL,
  `amount` float NOT NULL,
  `closingBalance` varchar(255) NOT NULL,
  `type` varchar(255) DEFAULT NULL,
  `details` varchar(255) DEFAULT NULL,
  `referenceId` int(11) DEFAULT NULL,
  `bookNumber` varchar(255) DEFAULT NULL,
  `billNumber` varchar(255) DEFAULT NULL,
  `invoiceNumber` varchar(255) DEFAULT NULL,
  `prNumber` varchar(255) DEFAULT NULL,
  `createdAt` datetime NOT NULL,
  `updatedAt` datetime NOT NULL,
  `accountId` int(11) DEFAULT NULL,
  PRIMARY KEY (`id`),
  KEY `accountId` (`accountId`),
  CONSTRAINT `accounttransactions_ibfk_1` FOREIGN KEY (`accountId`) REFERENCES `accounts` (`id`) ON DELETE SET NULL ON UPDATE CASCADE
) ENGINE=InnoDB AUTO_INCREMENT=421 DEFAULT CHARSET=utf8;
/*!40101 SET character_set_client = @saved_cs_client */;

--
-- Dumping data for table `accounttransactions`
--

LOCK TABLES `accounttransactions` WRITE;
/*!40000 ALTER TABLE `accounttransactions` DISABLE KEYS */;
INSERT INTO `accounttransactions` VALUES (1,'2022-03-01',19240,'19240','ACCOUNT_CREATED','Cash',1,'','','','','2022-03-31 08:53:18','2022-03-31 08:53:18',1),(2,'2022-04-01',0,'0','ACCOUNT_CREATED','Customer',2,'','','','','2022-04-01 12:52:25','2022-04-01 13:04:22',2),(3,'2022-04-01',2550,'2550','ACCOUNT_CREATED','Customer',3,'','','','','2022-04-01 12:58:14','2022-04-01 12:58:14',3),(4,'2022-04-01',12248,'12248','ACCOUNT_CREATED','Customer',4,'','','','','2022-04-01 13:01:29','2022-04-01 13:01:29',4),(5,'2022-04-01',36950,'36950','ACCOUNT_CREATED','Customer',5,'','','','','2022-04-01 13:03:29','2022-04-01 13:03:29',5),(6,'2022-04-01',550,'550','ACCOUNT_CREATED','Customer',6,'','','','','2022-04-01 13:11:34','2022-04-01 13:11:34',6),(7,'2022-04-01',14780,'14780','ACCOUNT_CREATED','Customer',7,'','','','','2022-04-01 13:13:28','2022-04-01 13:14:17',7),(8,'2022-04-01',8080,'8080','ACCOUNT_CREATED','Customer',8,'','','','','2022-04-01 13:18:18','2022-04-01 13:18:18',8),(9,'2022-04-01',2350,'2350','ACCOUNT_CREATED','Customer',9,'','','','','2022-04-01 13:20:29','2022-04-01 13:20:29',9),(10,'2022-04-01',37950,'37950','ACCOUNT_CREATED','Customer',10,'','','','','2022-04-01 13:22:14','2022-04-01 13:22:14',10),(11,'2022-04-01',48400,'48400','ACCOUNT_CREATED','Customer',11,'','','','','2022-04-01 13:25:47','2022-04-01 13:25:47',11),(12,'2022-04-01',30020,'30020','ACCOUNT_CREATED','Customer',12,'','','','','2022-04-01 13:27:19','2022-04-01 13:27:19',12),(13,'2022-04-01',133120,'133120','ACCOUNT_CREATED','Customer',13,'','','','','2022-04-01 13:30:07','2022-04-01 13:30:07',13),(14,'2022-04-01',31850,'31850','ACCOUNT_CREATED','Customer',14,'','','','','2022-04-01 13:32:48','2022-04-01 13:32:48',14),(15,'2022-04-01',20850,'20850','ACCOUNT_CREATED','Customer',15,'','','','','2022-04-01 13:34:56','2022-04-01 13:34:56',15),(16,'2022-04-01',88020,'88020','ACCOUNT_CREATED','Customer',16,'','','','','2022-04-01 13:38:15','2022-04-01 13:38:15',16),(17,'2022-04-01',70050,'70050','ACCOUNT_CREATED','Customer',17,'','','','','2022-04-01 13:41:40','2022-04-01 13:41:40',17),(18,'2022-04-01',29060,'29060','ACCOUNT_CREATED','Customer',18,'','','','','2022-04-01 13:43:02','2022-04-01 13:43:02',18),(19,'2022-04-01',1300,'1300','ACCOUNT_CREATED','Customer',19,'','','','','2022-04-01 13:44:20','2022-04-01 13:44:20',19),(20,'2022-04-01',48900,'48900','ACCOUNT_CREATED','Customer',20,'','','','','2022-04-01 13:45:59','2022-04-01 13:45:59',20),(21,'2022-04-01',800,'800','ACCOUNT_CREATED','Customer',21,'','','','','2022-04-01 13:47:14','2022-04-01 13:47:14',21),(22,'2022-04-01',5000,'5000','ACCOUNT_CREATED','Customer',22,'','','','','2022-04-01 13:48:58','2022-04-01 13:48:58',22),(23,'2022-04-01',39750,'39750','ACCOUNT_CREATED','Customer',23,'','','','','2022-04-01 13:51:16','2022-04-01 13:51:16',23),(24,'2022-04-01',32350,'32350','ACCOUNT_CREATED','Customer',24,'','','','','2022-04-01 13:54:26','2022-04-01 13:54:26',24),(25,'2022-04-01',29450,'29450','ACCOUNT_CREATED','Customer',25,'','','','','2022-04-01 13:56:59','2022-04-01 13:56:59',25),(26,'2022-04-01',800,'800','ACCOUNT_CREATED','Customer',26,'','','','','2022-04-01 13:58:49','2022-04-01 13:58:49',26),(27,'2022-04-01',1250,'1250','ACCOUNT_CREATED','Customer',27,'','','','','2022-04-01 13:59:55','2022-04-01 13:59:55',27),(28,'2022-04-01',23380,'23380','ACCOUNT_CREATED','Customer',28,'','','','','2022-04-01 14:01:58','2022-04-01 14:01:58',28),(29,'2022-04-01',800,'800','ACCOUNT_CREATED','Customer',29,'','','','','2022-04-01 14:03:34','2022-04-01 14:03:34',29),(30,'2022-04-01',3950,'3950','ACCOUNT_CREATED','Customer',30,'','','','','2022-04-01 14:04:47','2022-04-01 14:04:47',30),(31,'2022-04-01',65530,'65530','ACCOUNT_CREATED','Customer',31,'','','','','2022-04-01 14:06:49','2022-04-01 14:56:42',31),(32,'2022-04-01',90100,'90100','ACCOUNT_CREATED','Customer',32,'','','','','2022-04-01 14:08:17','2022-04-01 14:08:17',32),(33,'2022-04-01',40900,'40900','ACCOUNT_CREATED','Customer',33,'','','','','2022-04-01 14:11:23','2022-04-01 14:11:23',33),(34,'2022-04-01',11030,'11030','ACCOUNT_CREATED','Customer',34,'','','','','2022-04-01 14:12:33','2022-04-01 14:12:33',34),(35,'2022-04-01',4000,'4000','ACCOUNT_CREATED','Customer',35,'','','','','2022-04-01 14:13:57','2022-04-01 14:13:57',35),(36,'2022-04-01',10800,'10800','ACCOUNT_CREATED','Customer',36,'','','','','2022-04-01 14:15:29','2022-04-01 14:15:29',36),(37,'2022-04-01',1600,'1600','ACCOUNT_CREATED','Customer',37,'','','','','2022-04-01 14:16:26','2022-04-01 14:16:26',37),(38,'2022-04-01',7460,'7460','ACCOUNT_CREATED','Customer',38,'','','','','2022-04-01 14:18:33','2022-04-01 14:18:33',38),(39,'2022-04-01',329860,'329860','ACCOUNT_CREATED','Customer',39,'','','','','2022-04-01 14:22:39','2022-04-01 14:22:39',39),(40,'2022-04-01',6850,'6850','ACCOUNT_CREATED','Customer',40,'','','','','2022-04-01 14:24:57','2022-04-01 14:24:57',40),(41,'2022-04-01',11730,'11730','ACCOUNT_CREATED','Customer',41,'','','','','2022-04-01 14:27:48','2022-04-01 14:27:48',41),(42,'2022-04-01',17100,'17100','ACCOUNT_CREATED','Customer',42,'','','','','2022-04-01 14:29:12','2022-04-01 14:29:12',42),(43,'2022-04-01',2400,'2400','ACCOUNT_CREATED','Customer',43,'','','','','2022-04-01 14:30:04','2022-04-01 14:30:04',43),(44,'2022-04-01',10250,'10250','ACCOUNT_CREATED','Customer',44,'','','','','2022-04-01 14:32:28','2022-04-01 14:32:28',44),(45,'2022-04-01',8500,'8500','ACCOUNT_CREATED','Customer',45,'','','','','2022-04-01 14:33:49','2022-04-01 14:33:49',45),(46,'2022-04-01',3825,'3825','ACCOUNT_CREATED','Customer',46,'','','','','2022-04-01 14:34:45','2022-04-01 14:34:45',46),(47,'2022-04-01',3400,'3400','ACCOUNT_CREATED','Customer',47,'','','','','2022-04-01 14:36:31','2022-04-01 14:36:31',47),(48,'2022-04-01',2850,'2850','ACCOUNT_CREATED','Customer',48,'','','','','2022-04-01 14:37:35','2022-04-01 14:37:35',48),(49,'2022-04-01',77177,'77177','ACCOUNT_CREATED','Customer',49,'','','','','2022-04-01 14:39:51','2022-04-01 14:39:51',49),(50,'2022-04-01',3830,'3830','ACCOUNT_CREATED','Customer',50,'','','','','2022-04-01 14:41:14','2022-04-01 14:41:14',50),(51,'2022-04-01',1150,'1150','ACCOUNT_CREATED','Customer',51,'','','','','2022-04-01 14:45:41','2022-04-01 14:45:41',51),(52,'2022-04-01',1200,'1200','ACCOUNT_CREATED','Customer',52,'','','','','2022-04-01 14:46:42','2022-04-01 14:46:42',52),(53,'2022-04-01',1080,'1080','ACCOUNT_CREATED','Customer',53,'','','','','2022-04-01 14:48:58','2022-04-01 14:48:58',53),(54,'2022-04-01',16200,'16200','ACCOUNT_CREATED','Customer',54,'','','','','2022-04-01 14:50:30','2022-04-01 14:50:30',54),(55,'2022-04-01',8250,'8250','ACCOUNT_CREATED','Customer',55,'','','','','2022-04-01 14:51:42','2022-04-01 14:51:42',55),(56,'2022-04-01',42195,'42195','ACCOUNT_CREATED','Customer',56,'','','','','2022-04-01 14:53:26','2022-04-01 14:53:26',56),(57,'2022-04-01',20960,'20960','ACCOUNT_CREATED','Customer',57,'','','','','2022-04-01 14:55:13','2022-04-01 14:55:13',57),(58,'2022-04-01',24300,'24300','ACCOUNT_CREATED','Customer',58,'','','','','2022-04-01 14:56:10','2022-04-01 14:56:10',58),(59,'2022-04-01',7550,'7550','ACCOUNT_CREATED','Customer',59,'','','','','2022-04-01 14:59:26','2022-04-01 14:59:26',59),(60,'2022-04-01',4495,'4495','ACCOUNT_CREATED','Customer',60,'','','','','2022-04-01 15:01:01','2022-04-01 15:01:01',60),(61,'2022-04-01',125316,'125316','ACCOUNT_CREATED','Customer',61,'','','','','2022-04-01 15:02:26','2022-04-01 15:02:26',61),(62,'2022-04-01',17640,'17640','ACCOUNT_CREATED','Customer',62,'','','','','2022-04-01 15:04:07','2022-04-01 15:04:07',62),(63,'2022-04-01',1300,'1300','ACCOUNT_CREATED','Customer',63,'','','','','2022-04-01 15:05:54','2022-04-01 15:05:54',63),(64,'2022-04-01',5100,'5100','ACCOUNT_CREATED','Customer',64,'','','','','2022-04-01 15:06:52','2022-04-01 15:06:52',64),(66,'2022-04-01',54750,'54750','ACCOUNT_CREATED','Customer',66,'','','','','2022-04-01 15:16:44','2022-04-01 15:16:44',66),(69,'2022-04-01',6900,'6900','ACCOUNT_CREATED','Customer',69,'','','','','2022-04-01 15:26:22','2022-04-01 15:26:22',69),(71,'2022-04-01',-106548,'-106548','ACCOUNT_CREATED','Company',72,'','','','','2022-04-01 15:37:27','2022-04-01 15:37:27',72),(72,'2022-04-01',171090,'171090','ACCOUNT_CREATED','Company',74,'','','','','2022-04-01 15:42:29','2022-04-01 15:42:29',74),(73,'2022-04-01',18500,'18500','ACCOUNT_CREATED','Customer',75,'','','','','2022-04-01 15:44:34','2022-04-01 15:44:34',75),(74,'2022-04-01',700,'700','ACCOUNT_CREATED','Customer',76,'','','','','2022-04-01 15:45:31','2022-04-01 15:45:31',76),(75,'2022-04-01',0,'0','ACCOUNT_CREATED','Online',77,'','','','','2022-04-01 15:52:18','2022-04-01 15:52:18',77),(76,'2022-04-01',0,'0','ACCOUNT_CREATED','Online',78,'','','','','2022-04-01 15:53:29','2022-04-01 15:53:29',78),(77,'2022-04-01',17640,'17640','ACCOUNT_CREATED','Online',79,'','','','','2022-04-01 15:56:21','2022-04-01 15:56:21',79),(78,'2022-04-01',5000,'5000','ACCOUNT_CREATED','Online',80,'','','','','2022-04-01 15:57:35','2022-04-01 15:57:35',80),(79,'2022-04-01',0,'0','ACCOUNT_CREATED','Online',81,'','','','','2022-04-01 16:00:10','2022-04-01 16:00:10',81),(80,'2022-04-01',-37420,'-37420','ACCOUNT_CREATED','Company',82,'','','','','2022-04-01 16:10:41','2022-04-01 16:10:41',82),(81,'2022-04-02',28000,'28000','ACCOUNT_CREATED','Company',83,'','','','','2022-04-02 14:33:39','2022-04-02 14:33:39',83),(82,'2022-04-02',925,'925','ACCOUNT_CREATED','Company',84,'','','','','2022-04-02 14:49:24','2022-04-02 14:49:24',84),(83,'2022-04-02',-40000,'-39075','PURCHASE','0',1,'','','1','','2022-04-02 15:13:25','2022-04-02 15:13:25',84),(84,'2022-04-02',4200,'23440','SALE_PAYMENT','',1,'1','1','','','2022-04-02 15:16:29','2022-04-10 21:33:49',1),(85,'2022-04-02',0,'0','ACCOUNT_CREATED','Company',85,'','','','','2022-04-02 16:04:17','2022-04-02 16:04:17',85),(86,'2022-04-02',0,'0','ACCOUNT_CREATED','Company',86,'','','','','2022-04-02 16:31:37','2022-04-02 16:31:37',86),(87,'2022-04-02',0,'0','ACCOUNT_CREATED','Company',87,'','','','','2022-04-02 16:44:49','2022-04-02 16:44:49',87),(88,'2022-04-02',0,'0','ACCOUNT_CREATED','Company',88,'','','','','2022-04-02 17:08:45','2022-04-02 17:08:45',88),(89,'2022-04-03',917192,'917192','ACCOUNT_CREATED','Customer',89,'','','','','2022-04-03 12:05:40','2022-04-03 12:05:40',89),(90,'2022-04-03',-37420,'4775','RECOVERY','',1,'27','2638','','','2022-04-03 12:12:15','2022-04-03 12:12:15',56),(91,'2022-04-03',37420,'60860','RECOVERY','',1,'27','2638','','','2022-04-03 12:12:15','2022-04-10 21:33:49',1),(92,'2022-04-03',-37420,'23440','BOOKING','Recovery',1,'','','','2639','2022-04-03 12:15:33','2022-04-10 21:33:49',1),(93,'2022-04-03',37420,'0','BOOKING','Recovery',1,'','','','2639','2022-04-03 12:15:33','2022-04-03 12:15:33',82),(94,'2022-04-03',2000,'2000','ACCOUNT_CREATED','Customer',90,'','','','','2022-04-03 12:23:24','2022-04-03 12:23:24',90),(95,'2022-04-03',1200,'1200','ACCOUNT_CREATED','Customer',91,'','','','','2022-04-03 12:41:29','2022-04-03 12:41:29',91),(96,'2022-04-03',1700,'1700','ACCOUNT_CREATED','Customer',92,'','','','','2022-04-03 12:43:00','2022-04-03 12:43:00',92),(97,'2022-04-03',5244,'5244','ACCOUNT_CREATED','Customer',93,'','','','','2022-04-03 12:59:43','2022-04-03 12:59:43',93),(98,'2022-04-03',1340320,'1340315','ACCOUNT_CREATED','Company',94,'','','','','2022-04-03 17:56:57','2022-04-03 17:56:57',94),(99,'2022-04-02',-21920,'1318395','PURCHASE','0',2,'','','2103000265','','2022-04-04 15:17:53','2022-04-04 15:17:53',94),(100,'2022-04-02',-23800,'1294595','PURCHASE','1',3,'','','2103000266','','2022-04-04 15:21:56','2022-04-04 15:21:56',94),(101,'2022-04-02',-16800,'1277795','PURCHASE','1',4,'','','2103000266','','2022-04-04 15:25:08','2022-04-04 15:25:08',94),(102,'2022-04-04',-22800,'1254995','PURCHASE','1',5,'','','2103000272','','2022-04-04 15:30:21','2022-04-04 15:30:21',94),(103,'2022-04-04',-100000,'-100000','ACCOUNT_CREATED','Company',95,'','','','','2022-04-04 15:42:42','2022-04-04 15:42:42',95),(104,'2022-04-04',2872740,'2872741','ACCOUNT_CREATED','Company',96,'','','','','2022-04-04 15:57:31','2022-04-04 15:57:31',96),(105,'2022-04-05',0,'0','ACCOUNT_CREATED','Company',97,'','','','','2022-04-05 08:47:12','2022-04-05 08:47:12',97),(106,'2022-04-05',5950,'131266','SALE','',2,'1','2','','','2022-04-05 09:06:20','2022-04-05 09:06:20',61),(107,'2022-04-05',0,'131266','SALE_PAYMENT','',2,'1','2','','','2022-04-05 09:06:20','2022-04-05 09:06:20',61),(108,'2022-04-05',0,'23440','SALE_PAYMENT','',2,'1','2','','','2022-04-05 09:06:20','2022-04-10 21:33:49',1),(109,'2022-04-05',0,'0','ACCOUNT_CREATED','Company',98,'','','','','2022-04-05 14:43:54','2022-04-05 14:43:54',98),(110,'2022-04-05',0,'0','ACCOUNT_CREATED','Company',99,'','','','','2022-04-05 15:44:27','2022-04-05 15:44:27',99),(111,'2022-04-05',0,'0','ACCOUNT_CREATED','Company',100,'','','','','2022-04-05 16:01:03','2022-04-05 16:01:03',100),(112,'2022-04-05',-147082,'-147082','ACCOUNT_CREATED','Company',101,'','','','','2022-04-05 18:25:17','2022-04-05 18:25:17',101),(113,'2022-04-06',2100,'25540','SALE_PAYMENT','',3,'01','04','','','2022-04-06 08:16:06','2022-04-10 21:33:49',1),(114,'2022-04-06',138050,'138050','ACCOUNT_CREATED','Customer',102,'','','','','2022-04-06 08:18:16','2022-04-06 08:18:16',102),(115,'2022-04-01',4800,'11700','SALE','',4,'27','2602','','','2022-04-06 08:23:29','2022-04-06 08:23:29',69),(116,'2022-04-01',0,'11700','SALE_PAYMENT','',4,'27','2602','','','2022-04-06 08:23:29','2022-04-06 08:23:29',69),(117,'2022-04-01',0,'25540','SALE_PAYMENT','',4,'27','2602','','','2022-04-06 08:23:29','2022-04-10 21:33:49',1),(118,'2022-04-01',650,'26190','SALE_PAYMENT','',5,'27','2603','','','2022-04-06 08:24:30','2022-04-10 21:33:49',1),(119,'2022-04-01',1250,'27440','SALE_PAYMENT','',6,'27','2604','','','2022-04-06 08:26:07','2022-04-10 21:33:49',1),(120,'2022-04-01',2800,'30240','SALE_PAYMENT','',7,'27','2605','','','2022-04-06 08:29:40','2022-04-10 21:33:49',1),(121,'2022-04-01',2950,'33190','SALE_PAYMENT','',8,'27','2607','','','2022-04-06 08:38:54','2022-04-10 21:33:49',1),(122,'2022-04-01',9500,'41850','SALE','',9,'27','2607','','','2022-04-06 08:45:57','2022-04-06 08:45:57',24),(123,'2022-04-01',0,'41850','SALE_PAYMENT','',9,'27','2607','','','2022-04-06 08:45:57','2022-04-06 08:45:57',24),(124,'2022-04-01',0,'33190','SALE_PAYMENT','',9,'27','2607','','','2022-04-06 08:45:57','2022-04-10 21:33:49',1),(125,'2022-04-01',6000,'47850','SALE','',10,'27','2608','','','2022-04-06 08:47:53','2022-04-06 08:47:53',24),(126,'2022-04-01',0,'47850','SALE_PAYMENT','',10,'27','2608','','','2022-04-06 08:47:53','2022-04-06 08:47:53',24),(127,'2022-04-01',0,'33190','SALE_PAYMENT','',10,'27','2608','','','2022-04-06 08:47:53','2022-04-10 21:33:49',1),(128,'2022-04-01',-80,'33110','EXPENSE','3',1,'27','2610','','','2022-04-06 08:49:27','2022-04-10 21:33:49',1),(129,'2022-04-01',2600,'35710','SALE_PAYMENT','',11,'27','2611','','','2022-04-06 08:52:35','2022-04-10 21:33:49',1),(130,'2022-04-01',7100,'42810','SALE_PAYMENT','',12,'27','2612','','','2022-04-06 09:18:52','2022-04-10 21:33:49',1),(131,'2022-04-06',4835,'4835','ACCOUNT_CREATED','Customer',103,'','','','','2022-04-06 10:06:17','2022-04-06 10:06:17',103),(132,'2022-04-06',-19150,'-19150','ACCOUNT_CREATED','Company',104,'','','','','2022-04-06 10:18:30','2022-04-06 10:18:30',104),(133,'2022-04-01',2775,'7610','SALE','',13,'27','2613','','','2022-04-06 10:22:07','2022-04-06 10:22:07',103),(134,'2022-04-01',0,'7610','SALE_PAYMENT','',13,'27','2613','','','2022-04-06 10:22:07','2022-04-06 10:22:07',103),(135,'2022-04-01',0,'42810','SALE_PAYMENT','',13,'27','2613','','','2022-04-06 10:22:07','2022-04-10 21:33:49',1),(136,'2022-04-06',7600,'337460','SALE','',14,'27','2614','','','2022-04-06 10:38:47','2022-04-06 10:38:47',39),(137,'2022-04-06',0,'337460','SALE_PAYMENT','',14,'27','2614','','','2022-04-06 10:38:47','2022-04-06 10:38:47',39),(138,'2022-04-06',0,'42810','SALE_PAYMENT','',14,'27','2614','','','2022-04-06 10:38:47','2022-04-10 21:33:49',1),(139,'2022-04-01',2800,'340260','SALE','',15,'27','2614','','','2022-04-06 10:42:50','2022-04-06 10:42:50',39),(140,'2022-04-01',0,'340260','SALE_PAYMENT','',15,'27','2614','','','2022-04-06 10:42:50','2022-04-06 10:42:50',39),(141,'2022-04-01',0,'42810','SALE_PAYMENT','',15,'27','2614','','','2022-04-06 10:42:50','2022-04-10 21:33:49',1),(142,'2022-04-06',1900,'44710','SALE_PAYMENT','',16,'54','645','','','2022-04-06 10:50:08','2022-04-10 21:33:49',1),(143,'2022-04-02',1300,'46010','SALE_PAYMENT','',17,'27','2615','','','2022-04-06 10:52:11','2022-04-10 21:33:49',1),(144,'2022-04-02',4500,'74550','SALE','',18,'27','2616','','','2022-04-06 10:58:23','2022-04-10 21:13:15',17),(145,'2022-04-02',0,'74550','SALE_PAYMENT','',18,'27','2616','','','2022-04-06 10:58:23','2022-04-10 21:13:15',17),(146,'2022-04-02',0,'46010','SALE_PAYMENT','',18,'27','2616','','','2022-04-06 10:58:23','2022-04-10 21:33:49',1),(147,'2022-04-02',9650,'55660','SALE_PAYMENT','',19,'27','2617','','','2022-04-06 11:09:23','2022-04-10 21:33:49',1),(148,'2022-04-02',8200,'63860','SALE_PAYMENT','',20,'27','2618','','','2022-04-06 11:21:59','2022-04-10 21:33:49',1),(149,'2022-04-02',1650,'65510','SALE_PAYMENT','',21,'27','2619','','','2022-04-06 11:24:22','2022-04-10 21:33:49',1),(150,'2022-04-02',1700,'67210','SALE_PAYMENT','',22,'27','2620','','','2022-04-06 11:28:13','2022-04-10 21:33:49',1),(151,'2022-04-02',-700,'66510','EXPENSE','1',2,'27','2621','','','2022-04-06 11:30:00','2022-04-10 21:33:49',1),(152,'2022-04-02',800,'88820','SALE','',23,'27','2622','','','2022-04-06 11:31:56','2022-04-10 21:09:38',16),(153,'2022-04-02',0,'88820','SALE_PAYMENT','',23,'27','2622','','','2022-04-06 11:31:56','2022-04-10 21:09:38',16),(154,'2022-04-02',0,'66510','SALE_PAYMENT','',23,'27','2622','','','2022-04-06 11:31:56','2022-04-10 21:33:49',1),(155,'2022-04-02',1150,'39100','SALE','',24,'27','2623','','','2022-04-06 11:35:01','2022-04-10 21:12:22',10),(156,'2022-04-02',0,'39100','SALE_PAYMENT','',24,'27','2623','','','2022-04-06 11:35:01','2022-04-10 21:12:22',10),(157,'2022-04-02',0,'66510','SALE_PAYMENT','',24,'27','2623','','','2022-04-06 11:35:01','2022-04-10 21:33:49',1),(158,'2022-04-02',1850,'68360','SALE_PAYMENT','',25,'27','2624','','','2022-04-06 11:55:23','2022-04-10 21:33:49',1),(159,'2022-04-02',2600,'70960','SALE_PAYMENT','',26,'27','2625','','','2022-04-06 11:57:11','2022-04-10 21:33:49',1),(160,'2022-04-02',1600,'72560','SALE_PAYMENT','',27,'27','2626','','','2022-04-06 11:58:20','2022-04-10 21:33:49',1),(161,'2022-04-02',-8000,'80','RECOVERY','',2,'27','2627','','','2022-04-06 11:59:13','2022-04-06 11:59:13',8),(162,'2022-04-02',8000,'80560','RECOVERY','',2,'27','2627','','','2022-04-06 11:59:13','2022-04-10 21:33:49',1),(163,'2022-04-02',950,'81510','SALE_PAYMENT','',28,'27','2628','','','2022-04-06 12:02:43','2022-04-10 21:33:49',1),(164,'2022-04-02',1500,'83010','SALE_PAYMENT','',29,'27','2629','','','2022-04-06 12:07:57','2022-04-10 21:33:49',1),(165,'2022-04-06',0,'0','ACCOUNT_CREATED','Customer',105,'','','','','2022-04-06 12:09:20','2022-04-06 12:09:20',105),(166,'2022-04-02',5800,'5800','SALE','',30,'27','2630','','','2022-04-06 12:14:40','2022-04-10 21:09:55',105),(167,'2022-04-02',-3000,'2800','SALE_PAYMENT','',30,'27','2630','','','2022-04-06 12:14:40','2022-04-10 21:09:55',105),(168,'2022-04-02',3000,'86010','SALE_PAYMENT','',30,'27','2630','','','2022-04-06 12:14:40','2022-04-10 21:33:49',1),(169,'2022-04-03',17600,'72350','SALE','',31,'27','2631','','','2022-04-06 12:20:53','2022-04-06 12:20:53',66),(170,'2022-04-03',0,'72350','SALE_PAYMENT','',31,'27','2631','','','2022-04-06 12:20:53','2022-04-06 12:20:53',66),(171,'2022-04-03',0,'86010','SALE_PAYMENT','',31,'27','2631','','','2022-04-06 12:20:53','2022-04-10 21:33:49',1),(172,'2022-04-03',2770,'10380','SALE','',32,'27','2632','','','2022-04-06 12:54:13','2022-04-06 12:54:13',103),(173,'2022-04-03',-2200,'8180','SALE_PAYMENT','',32,'27','2632','','','2022-04-06 12:54:13','2022-04-06 12:54:13',103),(174,'2022-04-03',2200,'88210','SALE_PAYMENT','',32,'27','2632','','','2022-04-06 12:54:13','2022-04-10 21:33:49',1),(175,'2022-04-06',0,'0','ACCOUNT_CREATED','Customer',106,'','','','','2022-04-06 12:55:58','2022-04-06 12:55:58',106),(176,'2022-04-03',11700,'11700','SALE','',33,'27','2633','','','2022-04-06 12:58:40','2022-04-06 12:58:40',106),(177,'2022-04-03',0,'11700','SALE_PAYMENT','',33,'27','2633','','','2022-04-06 12:58:40','2022-04-06 12:58:40',106),(178,'2022-04-03',0,'88210','SALE_PAYMENT','',33,'27','2633','','','2022-04-06 12:58:40','2022-04-10 21:33:49',1),(179,'2022-04-03',3200,'91410','SALE_PAYMENT','',34,'27','2634','','','2022-04-06 13:02:36','2022-04-10 21:33:49',1),(180,'2022-04-03',-50000,'15530','RECOVERY','',3,'27','2635','','','2022-04-06 13:03:58','2022-04-06 13:03:58',31),(181,'2022-04-03',50000,'141410','RECOVERY','',3,'27','2635','','','2022-04-06 13:03:58','2022-04-10 21:33:49',1),(182,'2022-04-03',3700,'145110','SALE_PAYMENT','',35,'27','2636','','','2022-04-06 13:08:25','2022-04-10 21:33:49',1),(183,'2022-04-03',7600,'152710','SALE_PAYMENT','',36,'27','2637','','','2022-04-06 13:09:46','2022-04-10 21:33:49',1),(184,'2022-04-03',-35,'152675','EXPENSE','4',3,'27','2640','','','2022-04-06 13:11:24','2022-04-10 21:33:49',1),(185,'2022-04-03',-3465,'149210','EXPENSE','1',4,'27','2640','','','2022-04-06 13:13:34','2022-04-10 21:33:49',1),(186,'2022-04-03',2600,'151810','SALE_PAYMENT','',37,'27','2642','','','2022-04-06 13:14:47','2022-04-10 21:33:49',1),(188,'2022-04-03',1600,'76150','SALE','',39,'27','2644','','','2022-04-06 13:16:27','2022-04-10 21:13:15',17),(189,'2022-04-03',-1600,'74550','SALE_PAYMENT','',39,'27','2644','','','2022-04-06 13:16:27','2022-04-10 21:13:15',17),(190,'2022-04-03',1600,'153410','SALE_PAYMENT','',39,'27','2644','','','2022-04-06 13:16:27','2022-04-10 21:33:49',1),(191,'2022-04-03',1200,'154610','SALE_PAYMENT','',40,'27','2645','','','2022-04-06 13:18:14','2022-04-10 21:33:49',1),(192,'2022-04-03',6500,'161110','SALE_PAYMENT','',41,'27','2665','','','2022-04-06 13:30:06','2022-04-10 21:33:49',1),(193,'2022-04-03',6500,'167610','SALE_PAYMENT','',42,'27','2665','','','2022-04-06 13:30:06','2022-04-10 21:33:49',1),(194,'2022-04-03',2200,'169810','SALE_PAYMENT','',43,'27','2646','','','2022-04-06 14:53:40','2022-04-10 21:33:49',1),(195,'2022-04-03',1800,'171610','SALE_PAYMENT','',44,'27','2647','','','2022-04-06 14:56:54','2022-04-10 21:33:49',1),(196,'2022-04-03',1600,'173210','SALE_PAYMENT','',45,'27','2648','','','2022-04-06 15:00:02','2022-04-10 21:33:49',1),(197,'2022-04-03',5650,'178860','SALE_PAYMENT','',46,'27','2649','','','2022-04-06 15:12:29','2022-04-10 21:33:49',1),(198,'2022-04-03',3800,'182660','SALE_PAYMENT','',47,'27','2650','','','2022-04-06 15:16:48','2022-04-10 21:33:49',1),(199,'2022-04-03',-30000,'6950','RECOVERY','',4,'27','2651','','','2022-04-06 15:17:32','2022-04-09 12:28:31',5),(200,'2022-04-03',30000,'212660','RECOVERY','',4,'27','2651','','','2022-04-06 15:17:32','2022-04-10 21:33:49',1),(203,'2022-04-03',6800,'13750','SALE','',48,'27','2652','','','2022-04-06 15:21:40','2022-04-09 12:28:31',5),(204,'2022-04-03',0,'13750','SALE_PAYMENT','',48,'27','2652','','','2022-04-06 15:21:40','2022-04-09 12:28:31',5),(206,'2022-04-03',0,'212660','SALE_PAYMENT','',48,'27','2652','','','2022-04-06 15:21:40','2022-04-10 21:33:49',1),(212,'2022-04-04',5100,'138220','SALE','',51,'27','2653','','','2022-04-06 15:24:26','2022-04-06 15:24:26',13),(213,'2022-04-04',0,'138220','SALE_PAYMENT','',51,'27','2653','','','2022-04-06 15:24:26','2022-04-06 15:24:26',13),(214,'2022-04-04',0,'212660','SALE_PAYMENT','',51,'27','2653','','','2022-04-06 15:24:26','2022-04-10 21:33:49',1),(215,'2022-04-04',2000,'32020','SALE','',52,'27','2654','','','2022-04-06 15:26:04','2022-04-06 15:26:04',12),(216,'2022-04-04',0,'32020','SALE_PAYMENT','',52,'27','2654','','','2022-04-06 15:26:04','2022-04-06 15:26:04',12),(217,'2022-04-04',0,'212660','SALE_PAYMENT','',52,'27','2654','','','2022-04-06 15:26:04','2022-04-10 21:33:49',1),(218,'2022-04-06',2850,'2850','ACCOUNT_CREATED','Customer',107,'','','','','2022-04-06 15:28:29','2022-04-06 15:28:29',107),(219,'2022-04-04',750,'3600','SALE','',53,'27','2655','','','2022-04-06 15:30:44','2022-04-06 15:30:44',107),(220,'2022-04-04',0,'3600','SALE_PAYMENT','',53,'27','2655','','','2022-04-06 15:30:44','2022-04-06 15:30:44',107),(221,'2022-04-04',0,'212660','SALE_PAYMENT','',53,'27','2655','','','2022-04-06 15:30:44','2022-04-10 21:33:49',1),(222,'2022-04-04',16100,'356360','SALE','',54,'27','2656','','','2022-04-06 15:40:13','2022-04-06 15:40:13',39),(223,'2022-04-04',0,'356360','SALE_PAYMENT','',54,'27','2656','','','2022-04-06 15:40:13','2022-04-06 15:40:13',39),(224,'2022-04-04',0,'212660','SALE_PAYMENT','',54,'27','2656','','','2022-04-06 15:40:13','2022-04-10 21:33:49',1),(225,'2022-04-04',8250,'19950','SALE','',55,'27','2657','','','2022-04-06 15:42:25','2022-04-06 15:42:25',106),(226,'2022-04-04',0,'19950','SALE_PAYMENT','',55,'27','2657','','','2022-04-06 15:42:25','2022-04-06 15:42:25',106),(227,'2022-04-04',0,'212660','SALE_PAYMENT','',55,'27','2657','','','2022-04-06 15:42:25','2022-04-10 21:33:49',1),(228,'2022-04-04',3100,'23950','SALE','',56,'27','2658','','','2022-04-06 15:52:52','2022-04-06 15:52:52',15),(229,'2022-04-04',0,'23950','SALE_PAYMENT','',56,'27','2658','','','2022-04-06 15:52:52','2022-04-06 15:52:52',15),(230,'2022-04-04',0,'212660','SALE_PAYMENT','',56,'27','2658','','','2022-04-06 15:52:52','2022-04-10 21:33:49',1),(231,'2022-04-04',-70000,'142660','BOOKING','Net Rate',2,'','','','521','2022-04-06 15:55:11','2022-04-10 21:33:49',1),(232,'2022-04-04',70000,'-36548','BOOKING','Net Rate',2,'','','','521','2022-04-06 15:55:11','2022-04-06 15:55:11',72),(233,'2022-04-06',13800,'156460','SALE_PAYMENT','',57,'27','2660','','','2022-04-06 16:08:01','2022-04-10 21:33:49',1),(234,'2022-04-04',950,'157410','SALE_PAYMENT','',58,'27','2661','','','2022-04-06 16:12:32','2022-04-10 21:33:49',1),(235,'2022-04-04',1050,'75600','SALE','',59,'27','2663','','','2022-04-06 16:14:24','2022-04-10 21:13:15',17),(236,'2022-04-04',0,'75600','SALE_PAYMENT','',59,'27','2663','','','2022-04-06 16:14:24','2022-04-10 21:13:15',17),(237,'2022-04-04',0,'157410','SALE_PAYMENT','',59,'27','2663','','','2022-04-06 16:14:24','2022-04-10 21:33:49',1),(241,'2022-04-04',3600,'161010','SALE_PAYMENT','',61,'27','2663','','','2022-04-06 16:18:44','2022-04-10 21:33:49',1),(242,'2022-04-04',-7000,'81820','RECOVERY','',6,'27','2664','','','2022-04-06 16:19:40','2022-04-10 21:09:38',16),(243,'2022-04-04',7000,'168010','RECOVERY','',6,'27','2664','','','2022-04-06 16:19:40','2022-04-10 21:33:49',1),(244,'2022-04-04',25375,'193385','SALE_PAYMENT','',62,'27','2665','','','2022-04-06 16:23:06','2022-04-10 21:33:49',1),(245,'2022-04-06',50,'50','ACCOUNT_CREATED','Customer',108,'','','','','2022-04-06 16:26:45','2022-04-06 16:26:45',108),(246,'2022-04-04',5400,'5450','SALE','',63,'27','2666','','','2022-04-06 16:28:55','2022-04-06 16:28:55',108),(247,'2022-04-04',0,'5450','SALE_PAYMENT','',63,'27','2666','','','2022-04-06 16:28:55','2022-04-06 16:28:55',108),(248,'2022-04-04',0,'193385','SALE_PAYMENT','',63,'27','2666','','','2022-04-06 16:28:55','2022-04-10 21:33:49',1),(249,'2022-04-05',3250,'196635','SALE_PAYMENT','',64,'27','2667','','','2022-04-06 16:36:53','2022-04-10 21:33:49',1),(250,'2022-04-05',2300,'198935','SALE_PAYMENT','',65,'27','2668','','','2022-04-06 17:17:08','2022-04-10 21:33:49',1),(251,'2022-04-05',1050,'199985','SALE_PAYMENT','',66,'27','69','','','2022-04-06 17:19:41','2022-04-10 21:33:49',1),(252,'2022-04-05',2100,'202085','SALE_PAYMENT','',67,'27','2670','','','2022-04-06 17:20:47','2022-04-10 21:33:49',1),(253,'2022-04-05',15600,'63450','SALE','',68,'27','2671','','','2022-04-06 17:23:12','2022-04-06 17:23:12',24),(254,'2022-04-05',0,'63450','SALE_PAYMENT','',68,'27','2671','','','2022-04-06 17:23:12','2022-04-06 17:23:12',24),(255,'2022-04-05',0,'202085','SALE_PAYMENT','',68,'27','2671','','','2022-04-06 17:23:12','2022-04-10 21:33:49',1),(256,'2022-04-05',2650,'78250','SALE','',69,'27','2672','','','2022-04-06 17:38:31','2022-04-10 21:13:15',17),(257,'2022-04-05',0,'78250','SALE_PAYMENT','',69,'27','2672','','','2022-04-06 17:38:31','2022-04-10 21:13:15',17),(258,'2022-04-05',0,'202085','SALE_PAYMENT','',69,'27','2672','','','2022-04-06 17:38:31','2022-04-10 21:33:49',1),(259,'2022-04-05',15600,'153650','SALE','',70,'27','2673','','','2022-04-06 17:41:52','2022-04-06 17:41:52',102),(260,'2022-04-05',0,'153650','SALE_PAYMENT','',70,'27','2673','','','2022-04-06 17:41:52','2022-04-06 17:41:52',102),(261,'2022-04-05',0,'202085','SALE_PAYMENT','',70,'27','2673','','','2022-04-06 17:41:52','2022-04-10 21:33:49',1),(262,'2022-04-06',0,'0','ACCOUNT_CREATED','Customer',109,'','','','','2022-04-06 17:48:27','2022-04-06 17:48:27',109),(263,'2022-04-05',1300,'1300','SALE','',71,'27','2674','','','2022-04-06 17:52:15','2022-04-06 17:52:15',109),(264,'2022-04-05',-600,'700','SALE_PAYMENT','',71,'27','2674','','','2022-04-06 17:52:15','2022-04-06 17:52:15',109),(265,'2022-04-05',600,'202685','SALE_PAYMENT','',71,'27','2674','','','2022-04-06 17:52:15','2022-04-10 21:33:49',1),(266,'2022-04-05',600,'203285','SALE_PAYMENT','',72,'27','2675','','','2022-04-06 17:58:10','2022-04-10 21:33:49',1),(267,'2022-04-05',3000,'42100','SALE','',73,'27','2676','','','2022-04-06 18:06:43','2022-04-10 21:12:22',10),(268,'2022-04-05',0,'42100','SALE_PAYMENT','',73,'27','2676','','','2022-04-06 18:06:43','2022-04-10 21:12:22',10),(269,'2022-04-05',0,'203285','SALE_PAYMENT','',73,'27','2676','','','2022-04-06 18:06:43','2022-04-10 21:33:49',1),(273,'2022-04-05',900,'204185','SALE_PAYMENT','',75,'27','2677','','','2022-04-06 18:12:47','2022-04-10 21:33:49',1),(274,'2022-04-05',1100,'205285','SALE_PAYMENT','',76,'27','2678','','','2022-04-06 18:29:06','2022-04-10 21:33:49',1),(275,'2022-04-05',2000,'207285','SALE_PAYMENT','',77,'27','2679','','','2022-04-06 18:44:13','2022-04-10 21:33:49',1),(277,'2022-04-05',1100,'16630','SALE','',79,'27','2680','','','2022-04-06 18:49:19','2022-04-06 18:49:19',31),(278,'2022-04-05',0,'16630','SALE_PAYMENT','',79,'27','2680','','','2022-04-06 18:49:19','2022-04-06 18:49:19',31),(279,'2022-04-05',0,'207285','SALE_PAYMENT','',79,'27','2680','','','2022-04-06 18:49:19','2022-04-10 21:33:49',1),(280,'2022-04-05',1300,'208585','SALE_PAYMENT','',80,'27','2681','','','2022-04-06 18:50:53','2022-04-10 21:33:49',1),(281,'2022-04-06',23050,'231635','SALE_PAYMENT','',81,'27','2682','','','2022-04-06 18:59:21','2022-04-10 21:33:49',1),(282,'2022-04-06',-20000,'111266','RECOVERY','',7,'27','2683','','','2022-04-06 19:02:41','2022-04-06 19:02:41',61),(283,'2022-04-06',20000,'37640','RECOVERY','',7,'27','2683','','','2022-04-06 19:02:41','2022-04-06 19:02:41',79),(284,'2022-04-06',2000,'31450','SALE','',82,'27','2684','','','2022-04-06 19:05:05','2022-04-06 19:05:05',25),(285,'2022-04-06',0,'31450','SALE_PAYMENT','',82,'27','2684','','','2022-04-06 19:05:05','2022-04-06 19:05:05',25),(286,'2022-04-06',0,'231635','SALE_PAYMENT','',82,'27','2684','','','2022-04-06 19:05:05','2022-04-10 21:33:49',1),(287,'2022-04-06',1350,'8810','SALE','',83,'27','2685','','','2022-04-06 19:07:36','2022-04-10 21:11:01',38),(288,'2022-04-06',0,'8810','SALE_PAYMENT','',83,'27','2685','','','2022-04-06 19:07:36','2022-04-10 21:11:01',38),(289,'2022-04-06',0,'231635','SALE_PAYMENT','',83,'27','2685','','','2022-04-06 19:07:36','2022-04-10 21:33:49',1),(293,'2022-04-06',1900,'233535','SALE_PAYMENT','',85,'27','2686','','','2022-04-06 19:11:47','2022-04-10 21:33:49',1),(294,'2022-04-06',7400,'39250','SALE','',86,'27','2687','','','2022-04-06 19:16:05','2022-04-06 19:16:05',14),(295,'2022-04-06',0,'39250','SALE_PAYMENT','',86,'27','2687','','','2022-04-06 19:16:05','2022-04-06 19:16:05',14),(296,'2022-04-06',0,'233535','SALE_PAYMENT','',86,'27','2687','','','2022-04-06 19:16:05','2022-04-10 21:33:49',1),(297,'2022-04-06',1950,'33970','SALE','',87,'27','88','','','2022-04-06 19:18:55','2022-04-06 19:18:55',12),(298,'2022-04-06',0,'33970','SALE_PAYMENT','',87,'27','88','','','2022-04-06 19:18:55','2022-04-06 19:18:55',12),(299,'2022-04-06',0,'233535','SALE_PAYMENT','',87,'27','88','','','2022-04-06 19:18:55','2022-04-10 21:33:49',1),(300,'2022-04-06',1950,'35920','SALE','',88,'27','88','','','2022-04-06 19:18:55','2022-04-06 19:18:55',12),(301,'2022-04-06',0,'35920','SALE_PAYMENT','',88,'27','88','','','2022-04-06 19:18:55','2022-04-06 19:18:55',12),(302,'2022-04-06',0,'233535','SALE_PAYMENT','',88,'27','88','','','2022-04-06 19:18:55','2022-04-10 21:33:49',1),(303,'2022-04-06',9000,'242535','SALE_PAYMENT','',89,'27','2689','','','2022-04-06 19:20:49','2022-04-10 21:33:49',1),(304,'2022-04-06',2000,'244535','SALE_PAYMENT','',90,'27','2690','','','2022-04-06 19:24:50','2022-04-10 21:33:49',1),(305,'2022-04-06',7500,'8800','SALE','',91,'27','2691','','','2022-04-06 19:27:19','2022-04-06 19:27:19',63),(306,'2022-04-06',0,'8800','SALE_PAYMENT','',91,'27','2691','','','2022-04-06 19:27:19','2022-04-06 19:27:19',63),(307,'2022-04-06',0,'244535','SALE_PAYMENT','',91,'27','2691','','','2022-04-06 19:27:19','2022-04-10 21:33:49',1),(308,'2022-04-06',-1200,'7600','RECOVERY','',8,'27','2692','','','2022-04-06 19:28:37','2022-04-06 19:28:37',63),(309,'2022-04-06',1200,'245735','RECOVERY','',8,'27','2692','','','2022-04-06 19:28:37','2022-04-10 21:33:49',1),(310,'2022-04-06',1000,'246735','SALE_PAYMENT','',92,'27','2693','','','2022-04-06 19:30:43','2022-04-10 21:33:49',1),(311,'2022-04-06',4600,'45500','SALE','',93,'27','2694','','','2022-04-06 19:34:38','2022-04-06 19:34:38',33),(312,'2022-04-06',0,'45500','SALE_PAYMENT','',93,'27','2694','','','2022-04-06 19:34:38','2022-04-06 19:34:38',33),(313,'2022-04-06',0,'246735','SALE_PAYMENT','',93,'27','2694','','','2022-04-06 19:34:38','2022-04-10 21:33:49',1),(314,'2022-04-06',15400,'262135','SALE_PAYMENT','',94,'27','2695','','','2022-04-06 19:41:17','2022-04-10 21:33:49',1),(315,'2022-04-06',7500,'269635','SALE_PAYMENT','',95,'27','2696','','','2022-04-06 19:43:17','2022-04-10 21:33:49',1),(316,'2022-04-06',-13000,'68820','RECOVERY','',9,'27','2697','','','2022-04-06 19:46:15','2022-04-10 21:09:38',16),(317,'2022-04-06',13000,'282635','RECOVERY','',9,'27','2697','','','2022-04-06 19:46:15','2022-04-10 21:33:49',1),(318,'2022-04-06',-100000,'182635','BOOKING','Recovery',3,'','','','2698','2022-04-06 19:49:37','2022-04-10 21:33:49',1),(319,'2022-04-06',100000,'-47082','BOOKING','Recovery',3,'','','','2698','2022-04-06 19:49:37','2022-04-06 19:49:37',101),(320,'2022-04-06',-100000,'82635','BOOKING','Recovery',4,'','','','2698','2022-04-06 19:51:35','2022-04-10 21:33:49',1),(321,'2022-04-06',100000,'0','BOOKING','Recovery',4,'','','','2698','2022-04-06 19:51:35','2022-04-06 19:51:35',95),(322,'2022-04-06',-10000,'72635','TRANSFER','',1,'27','2698','','','2022-04-06 19:55:13','2022-04-10 21:33:49',1),(323,'2022-04-06',10000,'47640','TRANSFER','',1,'27','2698','','','2022-04-06 19:55:13','2022-04-06 19:55:13',79),(324,'2022-04-07',2700,'113966','SALE','',96,'1','021','','','2022-04-07 09:06:17','2022-04-07 09:06:17',61),(325,'2022-04-07',0,'113966','SALE_PAYMENT','',96,'1','021','','','2022-04-07 09:06:17','2022-04-07 09:06:17',61),(326,'2022-04-07',0,'72635','SALE_PAYMENT','',96,'1','021','','','2022-04-07 09:06:17','2022-04-10 21:33:49',1),(327,'2022-04-07',1900,'74535','SALE_PAYMENT','',97,'28','2701','','','2022-04-10 12:03:02','2022-04-10 21:33:49',1),(328,'2022-04-04',-50000,'24535','BOOKING','Recovery',5,'','','','527','2022-04-10 12:05:03','2022-04-10 21:33:49',1),(329,'2022-04-04',50000,'13452','BOOKING','Recovery',5,'','','','527','2022-04-10 12:05:03','2022-04-10 12:05:03',72),(330,'2022-04-04',2400,'7500','SALE','',98,'28','2703','','','2022-04-10 12:08:48','2022-04-10 12:08:48',64),(331,'2022-04-04',0,'7500','SALE_PAYMENT','',98,'28','2703','','','2022-04-10 12:08:48','2022-04-10 12:08:48',64),(332,'2022-04-04',0,'24535','SALE_PAYMENT','',98,'28','2703','','','2022-04-10 12:08:48','2022-04-10 21:33:49',1),(333,'2022-04-07',2750,'11560','SALE','',99,'28','2704','','','2022-04-10 12:12:02','2022-04-10 21:11:01',38),(334,'2022-04-07',0,'11560','SALE_PAYMENT','',99,'28','2704','','','2022-04-10 12:12:02','2022-04-10 21:11:01',38),(335,'2022-04-07',0,'24535','SALE_PAYMENT','',99,'28','2704','','','2022-04-10 12:12:02','2022-04-10 21:33:49',1),(339,'2022-04-07',8500,'33035','SALE_PAYMENT','',101,'28','2706','','','2022-04-10 12:13:10','2022-04-10 21:33:49',1),(340,'2022-04-07',4750,'44000','SALE','',102,'28','2707','','','2022-04-10 12:15:52','2022-04-10 12:15:52',14),(341,'2022-04-07',0,'44000','SALE_PAYMENT','',102,'28','2707','','','2022-04-10 12:15:52','2022-04-10 12:15:52',14),(342,'2022-04-07',0,'33035','SALE_PAYMENT','',102,'28','2707','','','2022-04-10 12:15:52','2022-04-10 21:33:49',1),(343,'2022-04-07',1500,'34535','SALE_PAYMENT','',103,'28','2708','','','2022-04-10 12:24:43','2022-04-10 21:33:49',1),(344,'2022-04-07',2250,'36785','SALE_PAYMENT','',104,'28','2709','','','2022-04-10 12:26:44','2022-04-10 21:33:49',1),(345,'2022-04-07',-240,'36545','EXPENSE','2',5,'28','2710','','','2022-04-10 12:28:46','2022-04-10 21:33:49',1),(346,'2022-04-07',600,'37145','SALE_PAYMENT','',105,'28','2711','','','2022-04-10 12:29:33','2022-04-10 21:33:49',1),(348,'2022-04-07',1100,'38245','SALE_PAYMENT','',107,'28','2712','','','2022-04-10 12:31:20','2022-04-10 21:33:49',1),(349,'2022-04-08',7900,'50000','SALE','',108,'28','2713','','','2022-04-10 12:34:47','2022-04-10 21:12:22',10),(350,'2022-04-08',0,'50000','SALE_PAYMENT','',108,'28','2713','','','2022-04-10 12:34:47','2022-04-10 21:12:22',10),(351,'2022-04-08',0,'38245','SALE_PAYMENT','',108,'28','2713','','','2022-04-10 12:34:47','2022-04-10 21:33:49',1),(352,'2022-04-08',3100,'41345','SALE_PAYMENT','',109,'28','2714','','','2022-04-10 12:39:14','2022-04-10 21:33:49',1),(353,'2022-04-08',3000,'44345','SALE_PAYMENT','',110,'28','2715','','','2022-04-10 12:40:27','2022-04-10 21:33:49',1),(354,'2022-04-08',9650,'53995','SALE_PAYMENT','',111,'28','2716','','','2022-04-10 12:47:49','2022-04-10 21:33:49',1),(355,'2022-04-08',3000,'56995','SALE_PAYMENT','',112,'28','2717','','','2022-04-10 12:49:41','2022-04-10 21:33:49',1),(356,'2022-04-08',5450,'74270','SALE','',113,'28','2718','','','2022-04-10 12:54:14','2022-04-10 21:09:38',16),(357,'2022-04-08',0,'74270','SALE_PAYMENT','',113,'28','2718','','','2022-04-10 12:54:14','2022-04-10 21:09:38',16),(359,'2022-04-08',0,'56995','SALE_PAYMENT','',113,'28','2718','','','2022-04-10 12:54:14','2022-04-10 21:33:49',1),(365,'2022-04-08',1000,'57995','SALE_PAYMENT','',116,'28','2720','','','2022-04-10 12:57:50','2022-04-10 21:33:49',1),(367,'2022-04-07',-15500,'-2048','PURCHASE','3',6,'','','10001401','','2022-04-10 13:06:09','2022-04-10 13:06:09',72),(368,'2022-04-08',17000,'19800','SALE','',118,'28','2721','','','2022-04-10 13:08:06','2022-04-10 21:09:55',105),(369,'2022-04-08',0,'19800','SALE_PAYMENT','',118,'28','2721','','','2022-04-10 13:08:06','2022-04-10 21:09:55',105),(370,'2022-04-08',0,'57995','SALE_PAYMENT','',118,'28','2721','','','2022-04-10 13:08:06','2022-04-10 21:33:49',1),(371,'2022-04-08',3200,'61195','SALE_PAYMENT','',119,'28','2722','','','2022-04-10 13:10:12','2022-04-10 21:33:49',1),(373,'2022-04-08',1950,'15700','SALE','',121,'28','2723','','','2022-04-10 13:12:57','2022-04-10 13:12:57',5),(374,'2022-04-08',0,'15700','SALE_PAYMENT','',121,'28','2723','','','2022-04-10 13:12:57','2022-04-10 13:12:57',5),(375,'2022-04-08',0,'61195','SALE_PAYMENT','',121,'28','2723','','','2022-04-10 13:12:57','2022-04-10 21:33:49',1),(376,'2022-04-09',6550,'67745','SALE_PAYMENT','',122,'28','2724','','','2022-04-10 13:15:48','2022-04-10 21:33:49',1),(377,'2022-04-10',3950,'11450','SALE','',123,'28','2725','','','2022-04-10 13:19:07','2022-04-10 13:19:07',64),(378,'2022-04-10',0,'11450','SALE_PAYMENT','',123,'28','2725','','','2022-04-10 13:19:07','2022-04-10 13:19:07',64),(379,'2022-04-10',0,'67745','SALE_PAYMENT','',123,'28','2725','','','2022-04-10 13:19:07','2022-04-10 21:33:49',1),(380,'2022-04-09',55150,'78530','SALE','',124,'28','2726','','','2022-04-10 13:22:05','2022-04-10 13:22:05',28),(381,'2022-04-09',0,'78530','SALE_PAYMENT','',124,'28','2726','','','2022-04-10 13:22:05','2022-04-10 13:22:05',28),(382,'2022-04-09',0,'67745','SALE_PAYMENT','',124,'28','2726','','','2022-04-10 13:22:05','2022-04-10 21:33:49',1),(383,'2022-04-09',-43700,'312660','RECOVERY','',10,'28','2727','','','2022-04-10 13:23:09','2022-04-10 13:23:09',39),(384,'2022-04-09',43700,'111445','RECOVERY','',10,'28','2727','','','2022-04-10 13:23:09','2022-04-10 21:33:49',1),(385,'2022-04-09',1200,'313860','SALE','',125,'28','2728','','','2022-04-10 13:24:57','2022-04-10 13:24:57',39),(386,'2022-04-09',0,'313860','SALE_PAYMENT','',125,'28','2728','','','2022-04-10 13:24:57','2022-04-10 13:24:57',39),(387,'2022-04-09',0,'111445','SALE_PAYMENT','',125,'28','2728','','','2022-04-10 13:24:57','2022-04-10 21:33:49',1),(388,'2022-04-10',0,'0','ACCOUNT_CREATED','Customer',110,'','','','','2022-04-10 13:26:11','2022-04-10 13:26:11',110),(389,'2022-04-05',-123120,'1131875','PURCHASE','0',7,'','','2103000276','','2022-04-10 13:33:28','2022-04-10 13:33:28',94),(390,'2022-04-09',7300,'7300','SALE','',126,'28','2729','','','2022-04-10 13:37:40','2022-04-10 13:37:40',110),(391,'2022-04-09',0,'7300','SALE_PAYMENT','',126,'28','2729','','','2022-04-10 13:37:40','2022-04-10 13:37:40',110),(392,'2022-04-09',0,'111445','SALE_PAYMENT','',126,'28','2729','','','2022-04-10 13:37:40','2022-04-10 21:33:49',1),(393,'2022-04-09',7300,'14600','SALE','',127,'28','2729','','','2022-04-10 13:37:40','2022-04-10 13:37:40',110),(394,'2022-04-09',0,'14600','SALE_PAYMENT','',127,'28','2729','','','2022-04-10 13:37:40','2022-04-10 13:37:40',110),(395,'2022-04-09',0,'111445','SALE_PAYMENT','',127,'28','2729','','','2022-04-10 13:37:40','2022-04-10 21:33:49',1),(396,'2022-04-09',6400,'117845','SALE_PAYMENT','',128,'28','2730','','','2022-04-10 13:41:49','2022-04-10 21:33:49',1),(397,'2022-04-09',10500,'128345','SALE_PAYMENT','',129,'28','2731','','','2022-04-10 13:42:55','2022-04-10 21:33:49',1),(398,'2022-04-10',2400,'130745','SALE_PAYMENT','',130,'28','2732','','','2022-04-10 13:44:12','2022-04-10 21:33:49',1),(399,'2022-04-10',3000,'133745','SALE_PAYMENT','',131,'28','2733','','','2022-04-10 13:45:42','2022-04-10 21:33:49',1),(400,'2022-04-10',5200,'25150','SALE','',132,'28','2734','','','2022-04-10 13:47:31','2022-04-10 13:47:31',106),(401,'2022-04-10',-5200,'19950','SALE_PAYMENT','',132,'28','2734','','','2022-04-10 13:47:31','2022-04-10 13:47:31',106),(402,'2022-04-10',5200,'138945','SALE_PAYMENT','',132,'28','2734','','','2022-04-10 13:47:31','2022-04-10 21:33:49',1),(403,'2022-04-10',7401,'24031','SALE','',133,'28','2735','','','2022-04-10 13:52:24','2022-04-10 13:52:24',31),(404,'2022-04-10',0,'24031','SALE_PAYMENT','',133,'28','2735','','','2022-04-10 13:52:24','2022-04-10 13:52:24',31),(405,'2022-04-10',0,'138945','SALE_PAYMENT','',133,'28','2735','','','2022-04-10 13:52:24','2022-04-10 21:33:49',1),(406,'2022-04-10',8400,'28200','SALE','',134,'28','2736','','','2022-04-10 13:53:59','2022-04-10 21:09:55',105),(407,'2022-04-10',0,'28200','SALE_PAYMENT','',134,'28','2736','','','2022-04-10 13:53:59','2022-04-10 21:09:55',105),(408,'2022-04-10',0,'138945','SALE_PAYMENT','',134,'28','2736','','','2022-04-10 13:53:59','2022-04-10 21:33:49',1),(412,'2022-04-10',18000,'33700','SALE','',136,'28','2737','','','2022-04-10 13:57:05','2022-04-10 13:57:05',5),(413,'2022-04-10',0,'33700','SALE_PAYMENT','',136,'28','2737','','','2022-04-10 13:57:05','2022-04-10 13:57:05',5),(414,'2022-04-10',0,'138945','SALE_PAYMENT','',136,'28','2737','','','2022-04-10 13:57:05','2022-04-10 21:33:49',1),(415,'2022-04-10',-47080,'91865','BOOKING','Recovery',6,'','','','2733','2022-04-10 13:59:07','2022-04-10 21:33:49',1),(416,'2022-04-10',47080,'-2','BOOKING','Recovery',6,'','','','2733','2022-04-10 13:59:07','2022-04-10 13:59:07',101),(417,'2022-04-07',-180000,'-182048','PURCHASE','3',8,'','','10001402','','2022-04-10 14:09:12','2022-04-10 14:09:12',72),(418,'2022-04-07',-50640,'-232688','PURCHASE','3',9,'','','10001406','','2022-04-10 14:16:25','2022-04-10 14:16:25',72),(419,'2022-04-09',-12700,'-245388','PURCHASE','3',10,'','','10001471','','2022-04-10 14:20:00','2022-04-10 14:20:00',72),(420,'2022-04-08',-1416000,'1456741','PURCHASE','0',11,'','','87A7211038','','2022-04-10 14:35:28','2022-04-10 14:35:28',96);
/*!40000 ALTER TABLE `accounttransactions` ENABLE KEYS */;
UNLOCK TABLES;

--
-- Table structure for table `bookings`
--

DROP TABLE IF EXISTS `bookings`;
/*!40101 SET @saved_cs_client     = @@character_set_client */;
/*!40101 SET character_set_client = utf8 */;
CREATE TABLE `bookings` (
  `id` int(11) NOT NULL AUTO_INCREMENT,
  `totalAmount` float DEFAULT NULL,
  `prNumber` varchar(255) DEFAULT NULL,
  `bookingDate` date DEFAULT NULL,
  `notes` varchar(255) DEFAULT NULL,
  `policyName` varchar(255) DEFAULT NULL,
  `policyPercentage` varchar(255) DEFAULT NULL,
  `netRate` varchar(255) DEFAULT NULL,
  `bookingType` varchar(255) DEFAULT NULL,
  `policyType` varchar(255) DEFAULT NULL,
  `createdAt` datetime NOT NULL,
  `updatedAt` datetime NOT NULL,
  `companyId` int(11) DEFAULT NULL,
  `fromAccountId` int(11) DEFAULT NULL,
  PRIMARY KEY (`id`),
  KEY `companyId` (`companyId`),
  KEY `fromAccountId` (`fromAccountId`),
  CONSTRAINT `bookings_ibfk_1` FOREIGN KEY (`companyId`) REFERENCES `companies` (`id`) ON UPDATE CASCADE,
  CONSTRAINT `bookings_ibfk_2` FOREIGN KEY (`fromAccountId`) REFERENCES `accounts` (`id`) ON DELETE SET NULL ON UPDATE CASCADE
) ENGINE=InnoDB AUTO_INCREMENT=7 DEFAULT CHARSET=utf8;
/*!40101 SET character_set_client = @saved_cs_client */;

--
-- Dumping data for table `bookings`
--

LOCK TABLES `bookings` WRITE;
/*!40000 ALTER TABLE `bookings` DISABLE KEYS */;
INSERT INTO `bookings` VALUES (1,37420,'2639','2022-04-03','','recovery','0','','Recovery','Percentage','2022-04-03 12:15:33','2022-04-03 12:15:33',5,1),(2,70000,'521','2022-04-04','pkg ke','pkg','','0','Net Rate','Net Rate','2022-04-06 15:55:11','2022-04-06 15:55:11',2,1),(3,100000,'2698','2022-04-06','CRON SEEDS','CRON SEEDS','0','','Recovery','Percentage','2022-04-06 19:49:37','2022-04-06 19:49:37',19,1),(4,100000,'2698','2022-04-06','JAFFER KA LIYE ','J','0','','Recovery','Percentage','2022-04-06 19:51:35','2022-04-06 19:51:35',13,1),(5,50000,'527','2022-04-04','','net rate','','0','Recovery','Net Rate','2022-04-10 12:05:03','2022-04-10 12:05:03',2,1),(6,47080,'2733','2022-04-10','','gdhf','0','','Recovery','Percentage','2022-04-10 13:59:07','2022-04-10 13:59:07',19,1);
/*!40000 ALTER TABLE `bookings` ENABLE KEYS */;
UNLOCK TABLES;

--
-- Table structure for table `categories`
--

DROP TABLE IF EXISTS `categories`;
/*!40101 SET @saved_cs_client     = @@character_set_client */;
/*!40101 SET character_set_client = utf8 */;
CREATE TABLE `categories` (
  `id` int(11) NOT NULL AUTO_INCREMENT,
  `name` varchar(255) DEFAULT NULL,
  `description` varchar(255) DEFAULT NULL,
  `createdAt` datetime NOT NULL,
  `updatedAt` datetime NOT NULL,
  PRIMARY KEY (`id`),
  UNIQUE KEY `name` (`name`)
) ENGINE=InnoDB AUTO_INCREMENT=8 DEFAULT CHARSET=utf8;
/*!40101 SET character_set_client = @saved_cs_client */;

--
-- Dumping data for table `categories`
--

LOCK TABLES `categories` WRITE;
/*!40000 ALTER TABLE `categories` DISABLE KEYS */;
INSERT INTO `categories` VALUES (1,'Pesticides','All Pesticides Medicines','2022-03-31 08:53:18','2022-03-31 08:53:18'),(2,'Insecticides','All Insecticides Medicines','2022-03-31 08:53:18','2022-03-31 08:53:18'),(3,'Seeds','All Types Of Seeds','2022-03-31 08:53:18','2022-03-31 08:53:18'),(4,'Fungicides','All Fungicides Medicines','2022-03-31 08:53:18','2022-03-31 08:53:18'),(5,'Herbicides','All Herbicides Medicines','2022-03-31 08:53:18','2022-03-31 08:53:18'),(6,'Micronutrient','n p k','2022-04-03 18:13:51','2022-04-03 18:13:51'),(7,'Granulles','','2022-04-04 09:04:02','2022-04-04 09:04:02');
/*!40000 ALTER TABLE `categories` ENABLE KEYS */;
UNLOCK TABLES;

--
-- Table structure for table `companies`
--

DROP TABLE IF EXISTS `companies`;
/*!40101 SET @saved_cs_client     = @@character_set_client */;
/*!40101 SET character_set_client = utf8 */;
CREATE TABLE `companies` (
  `id` int(11) NOT NULL AUTO_INCREMENT,
  `name` varchar(255) DEFAULT NULL,
  `description` varchar(255) DEFAULT NULL,
  `number` varchar(255) DEFAULT NULL,
  `createdAt` datetime NOT NULL,
  `updatedAt` datetime NOT NULL,
  `accountId` int(11) DEFAULT NULL,
  PRIMARY KEY (`id`),
  UNIQUE KEY `name` (`name`),
  KEY `accountId` (`accountId`),
  CONSTRAINT `companies_ibfk_1` FOREIGN KEY (`accountId`) REFERENCES `accounts` (`id`) ON DELETE SET NULL ON UPDATE CASCADE
) ENGINE=InnoDB AUTO_INCREMENT=21 DEFAULT CHARSET=utf8;
/*!40101 SET character_set_client = @saved_cs_client */;

--
-- Dumping data for table `companies`
--

LOCK TABLES `companies` WRITE;
/*!40000 ALTER TABLE `companies` DISABLE KEYS */;
INSERT INTO `companies` VALUES (2,'Exert chemicals','','03000631855','2022-04-01 15:37:27','2022-04-01 15:37:27',72),(4,'Jaffer Agro','','02134373073','2022-04-01 15:42:29','2022-04-01 15:42:29',74),(5,'vatel agro','','','2022-04-01 16:10:41','2022-04-01 16:10:41',82),(6,'Orange Protection','','03209885151','2022-04-02 14:33:39','2022-04-02 14:33:39',83),(7,'Pasha agro','','03009633794','2022-04-02 14:49:24','2022-04-02 14:49:24',84),(8,'Tara','','','2022-04-02 16:04:17','2022-04-02 16:04:17',85),(9,'CS Multan','','03009626001','2022-04-02 16:31:37','2022-04-02 16:31:37',86),(10,'Zhengbang','','03009686679','2022-04-02 16:44:49','2022-04-02 16:44:49',87),(11,'Target','','030253335','2022-04-02 17:08:45','2022-04-02 17:08:45',88),(12,'Technofarm','bahawal pur','03008132878','2022-04-03 17:56:57','2022-04-03 17:56:57',94),(13,'Haji Aman ullah ','','03017925003','2022-04-04 15:42:42','2022-04-04 15:42:42',95),(14,'Bayer Pakistan','','03037774198','2022-04-04 15:57:31','2022-04-04 15:57:31',96),(15,'Akram Seeds','','03009686679','2022-04-05 08:47:12','2022-04-05 08:47:12',97),(16,'Golden Crop','','03073535473','2022-04-05 14:43:54','2022-04-05 14:43:54',98),(17,'Arysta','','5865465','2022-04-05 15:44:27','2022-04-05 15:44:27',99),(18,'ICI PAKISTAN','','58968968','2022-04-05 16:01:03','2022-04-05 16:01:03',100),(19,'Muzzmil khan','Cron seeds ka aisab','03026598998','2022-04-05 18:25:17','2022-04-05 18:25:17',101),(20,'Tasleem Tradres','JamalPur','03007854588','2022-04-06 10:18:30','2022-04-06 10:18:30',104);
/*!40000 ALTER TABLE `companies` ENABLE KEYS */;
UNLOCK TABLES;

--
-- Table structure for table `contacts`
--

DROP TABLE IF EXISTS `contacts`;
/*!40101 SET @saved_cs_client     = @@character_set_client */;
/*!40101 SET character_set_client = utf8 */;
CREATE TABLE `contacts` (
  `id` int(11) NOT NULL AUTO_INCREMENT,
  `type` enum('Supplier','Customer') NOT NULL,
  `name` varchar(255) NOT NULL,
  `businessName` varchar(255) DEFAULT '',
  `number` varchar(255) DEFAULT '',
  `email` varchar(255) DEFAULT '',
  `address` varchar(255) DEFAULT '',
  `notes` varchar(255) DEFAULT '',
  `createdAt` datetime NOT NULL,
  `updatedAt` datetime NOT NULL,
  `accountId` int(11) DEFAULT NULL,
  PRIMARY KEY (`id`),
  KEY `accountId` (`accountId`),
  CONSTRAINT `contacts_ibfk_1` FOREIGN KEY (`accountId`) REFERENCES `accounts` (`id`) ON DELETE SET NULL ON UPDATE CASCADE
) ENGINE=InnoDB AUTO_INCREMENT=97 DEFAULT CHARSET=utf8;
/*!40101 SET character_set_client = @saved_cs_client */;

--
-- Dumping data for table `contacts`
--

LOCK TABLES `contacts` WRITE;
/*!40000 ALTER TABLE `contacts` DISABLE KEYS */;
INSERT INTO `contacts` VALUES (1,'Customer','Rizwan Gillani','','03006819085','','','','2022-04-01 12:52:25','2022-04-01 13:04:22',2),(2,'Customer','Mahar Allah Baksh','','03075053776','','basti minawali','','2022-04-01 12:58:14','2022-04-01 12:58:14',3),(3,'Customer','Mulazim Hussain Zarghr','','03017671478','','basti budh','','2022-04-01 13:01:29','2022-04-01 13:01:29',4),(4,'Customer','Haji Allah Rakha Rando','','03013046747','','basti Roshan Khan','','2022-04-01 13:03:29','2022-04-01 13:03:29',5),(5,'Customer','Mahar Yaseen','','03000832087','','Basti budh','','2022-04-01 13:11:34','2022-04-01 13:11:34',6),(6,'Customer','Bilal Sabse Wala','','03076418186','','ada kajhewala','','2022-04-01 13:13:28','2022-04-01 13:14:17',7),(7,'Customer','Hasnain Khan Rando','','03017429072','','Basti Roshan Khan','','2022-04-01 13:18:18','2022-04-01 13:18:18',8),(8,'Customer','Hafiz Gulam Murtaza','','03004905923','','Basti Korampur','','2022-04-01 13:20:29','2022-04-01 13:20:29',9),(9,'Customer','Syed Imran Shah','','03024042528','','cha inamwala','','2022-04-01 13:22:14','2022-04-01 13:22:14',10),(10,'Customer','Gulam Rasool Gowance','','03025504774','','','','2022-04-01 13:25:47','2022-04-01 13:25:47',11),(11,'Customer','Zafer Silla','','03076721521','','','','2022-04-01 13:27:19','2022-04-01 13:27:19',12),(12,'Customer','Muktar Technofarm','','03016391334','','','','2022-04-01 13:30:07','2022-04-01 13:30:07',13),(13,'Customer','Nawaz Khan Rando','','03086815610','','Basti Roshan Khan','','2022-04-01 13:32:48','2022-04-01 13:32:48',14),(14,'Customer','Mumtaz Khan Rando','','03024577171','','Basti Roshan Khan','','2022-04-01 13:34:56','2022-04-01 13:34:56',15),(15,'Customer','Shahid Khan ','','03006852366','','Madina Chowk','','2022-04-01 13:38:15','2022-04-01 13:38:15',16),(16,'Customer','Mahar Nadeem F/O','','03000520342','','Basti khanarArain','','2022-04-01 13:41:40','2022-04-01 13:41:40',17),(17,'Customer','Abdulkaliq Khan Nari','','03006814993','','Basti Nari','','2022-04-01 13:43:02','2022-04-01 13:43:02',18),(18,'Customer','Akram Cheena ','','03009800044','','Madina Chowk','','2022-04-01 13:44:20','2022-04-01 13:44:20',19),(19,'Customer','Ameer Khan Nari','','03013192569','','Basti Nari','','2022-04-01 13:45:59','2022-04-01 13:45:59',20),(20,'Customer','Israr Shah','','03046473437','','Chainamwala','','2022-04-01 13:47:14','2022-04-01 13:47:14',21),(21,'Customer','Allied Bank Khairpur','','03009686679','','','','2022-04-01 13:48:58','2022-04-01 13:48:58',22),(22,'Customer','Mian Hsnan Pirzada','','03017923446','','Zafrabad','','2022-04-01 13:51:16','2022-04-01 13:51:16',23),(23,'Customer','Malik Abbas Bohar','','03017926646','','muzfrabad','','2022-04-01 13:54:26','2022-04-01 13:54:26',24),(24,'Customer','Mujahid Kobhar','','03009686679','','Basti hotidi','','2022-04-01 13:56:59','2022-04-01 13:56:59',25),(25,'Customer','Jandwada idirar','','03042263534','','Bhnda No2','','2022-04-01 13:58:49','2022-04-01 13:58:49',26),(26,'Customer','Shair Khan Abbasi','','03006626001','','Kharibhabhi','','2022-04-01 13:59:55','2022-04-01 13:59:55',27),(27,'Customer','Mian Gulam Abbas Pirzada','','03006813416','','zafrabad','','2022-04-01 14:01:58','2022-04-01 14:01:58',28),(28,'Customer','Allah Baksh Punyan','','03008762426','','Basti Punyan','','2022-04-01 14:03:34','2022-04-01 14:03:34',29),(29,'Customer','Aslam Khan Rando','','03023544058','','Basti Roshan Khan','','2022-04-01 14:04:47','2022-04-01 14:04:47',30),(30,'Customer','Shair Khan Rando','','03008301274','','Basti Roshan Khan','','2022-04-01 14:06:49','2022-04-01 14:56:42',31),(31,'Customer','Abid Wanjara Sahib','','03008681909','','Khairpur tamewali','','2022-04-01 14:08:17','2022-04-01 14:08:17',32),(32,'Customer','M.Hussain Bijali wala','','03009686679','','Basti tabi','','2022-04-01 14:11:23','2022-04-01 14:11:23',33),(33,'Customer','Allah Nawaz Lack','','03009686679','','Basti Muchran','','2022-04-01 14:12:33','2022-04-01 14:12:33',34),(34,'Customer','Najaf Madher','','03036451656','','Basti morwale','','2022-04-01 14:13:57','2022-04-01 14:13:57',35),(35,'Customer','Dr Akram Sarow','','03007856849','','Basti sarow','','2022-04-01 14:15:29','2022-04-01 14:15:29',36),(36,'Customer','Mahar Zawar ','','03009686679','','Kohe Mukhiwala','','2022-04-01 14:16:26','2022-04-01 14:16:26',37),(37,'Customer','Amin Khan Gowance','','03007735923','','Jhok Lal','','2022-04-01 14:18:33','2022-04-01 14:18:33',38),(38,'Customer','Mahar Iqbal shakhewan','','03017121970','','Basti shakhwan','','2022-04-01 14:22:39','2022-04-01 14:22:39',39),(39,'Customer','Mr Abdulaziz','','03013419219','','Basti dhodhi','','2022-04-01 14:24:57','2022-04-01 14:24:57',40),(40,'Customer','Afzal Kabho','','03009686679','','mustajer','','2022-04-01 14:27:48','2022-04-01 14:27:48',41),(41,'Customer','CH Irshad Mustajer','','03009686679','','Ali Di Ghot','','2022-04-01 14:29:12','2022-04-01 14:29:12',42),(42,'Customer','Manzor Bhatti','','03009686679','','Muzfrabad','','2022-04-01 14:30:04','2022-04-01 14:30:04',43),(43,'Customer','Ch AbdulGafar Mustajer','','03009686679','','Hoti Di Basti','','2022-04-01 14:32:28','2022-04-01 14:32:28',44),(44,'Customer','Mumtaz Bhatti hamsaya','','03009686679','','muchran','','2022-04-01 14:33:49','2022-04-01 14:33:49',45),(45,'Customer','Allah Rakha Chandram','','03009686679','','Khairpur','','2022-04-01 14:34:45','2022-04-01 14:34:45',46),(46,'Customer','Allah Rakha Kpt','','03013183766','','Khairpur','','2022-04-01 14:36:31','2022-04-01 14:36:31',47),(47,'Customer','Akram Kokara','','03009686679','','Basti Kokara','','2022-04-01 14:37:35','2022-04-01 14:37:35',48),(48,'Customer','itsham Muneer','','03000874121','','Khairpur','','2022-04-01 14:39:51','2022-04-01 14:39:51',49),(49,'Customer','Syed Khazir Gillani','','03007737696','','Chainamwala','','2022-04-01 14:41:14','2022-04-01 14:41:14',50),(50,'Customer','Ch Tanveer ','','03009626001','','Goht Ali ','','2022-04-01 14:45:41','2022-04-01 14:45:41',51),(51,'Customer','Malik Kadem','','03009626001','','Basti Madher','','2022-04-01 14:46:42','2022-04-01 14:46:42',52),(52,'Customer','Mahar Haqnawz Mustajer','','03087926388','','Muchran','','2022-04-01 14:48:58','2022-04-01 14:48:58',53),(53,'Customer','Gulam Fareed Patwari ','','03008444047','','Bhnda No2','','2022-04-01 14:50:30','2022-04-01 14:50:30',54),(54,'Customer','Rana Nasir','','03008644738','','Khairpur','','2022-04-01 14:51:42','2022-04-01 14:51:42',55),(55,'Customer','Javed Mucher','','03016594104','','Basti Muchran','','2022-04-01 14:53:26','2022-04-01 14:53:26',56),(56,'Customer','Mahar Irshad','','03015755767','','Basti Khanar Arain','','2022-04-01 14:55:13','2022-04-01 14:55:13',57),(57,'Customer','M.Salman Gillani ','','03009626001','','Cha inamwala','','2022-04-01 14:56:10','2022-04-01 14:56:10',58),(58,'Customer','Malik Allah Yar','','03009686679','','Basti Budh','','2022-04-01 14:59:26','2022-04-01 14:59:26',59),(59,'Customer','Shahid Dangra','','03088996296','','Basti dangra','','2022-04-01 15:01:01','2022-04-01 15:01:01',60),(60,'Customer','Javed Ismail jaffer','','03047454872','','Malsi','','2022-04-01 15:02:26','2022-04-01 15:02:26',61),(61,'Customer','Meezan Bank Kpt','','03009686679','','khairpur','','2022-04-01 15:04:07','2022-04-01 15:04:07',62),(62,'Customer','Mahar Ismail phtal','','03009686679','','Jhok Chani','','2022-04-01 15:05:54','2022-04-01 15:05:54',63),(63,'Customer','Ch Sabir Ali','','03008802894','','Ghot ali','','2022-04-01 15:06:52','2022-04-01 15:06:52',64),(65,'Customer','Sadiq Kabho Mustajer','','03009686679','','Mustajer','','2022-04-01 15:16:44','2022-04-01 15:16:44',66),(68,'Customer','Rahim Baksh','','03007029715','','Muchran','','2022-04-01 15:26:22','2022-04-01 15:26:22',69),(70,'Customer','Usman Korampur','','03009686679','','','','2022-04-01 15:44:34','2022-04-01 15:44:34',75),(71,'Customer','Lal Khan ','','03009606001','','Basti mighera','','2022-04-01 15:45:31','2022-04-01 15:45:31',76),(72,'Supplier','Pasha Agro','','03009633794','','Malsi','','2022-04-02 15:05:37','2022-04-02 15:05:37',NULL),(73,'Supplier','Technofarm','','03016391334','','bahawalpur','','2022-04-02 16:01:16','2022-04-02 16:01:16',NULL),(74,'Supplier','  Tara','','','','','','2022-04-02 16:04:43','2022-04-02 16:04:43',NULL),(75,'Supplier','Orange Protection','','03209885151','','','','2022-04-02 16:13:19','2022-04-02 16:13:19',NULL),(76,'Supplier','CS Multan','','03009626001','','','','2022-04-02 16:32:29','2022-04-02 16:32:29',NULL),(77,'Supplier','Zhengbang','','03009686679','','','','2022-04-02 16:45:31','2022-04-02 16:45:31',NULL),(78,'Supplier','Vital Agro','','03016598104','','','','2022-04-02 16:55:47','2022-04-02 16:55:47',NULL),(79,'Supplier','Jaffer Agro','','0300005265','','Karchi','','2022-04-02 16:59:58','2022-04-02 16:59:58',NULL),(80,'Supplier','Target','','0302654676','','','','2022-04-02 17:09:16','2022-04-02 17:09:16',NULL),(81,'Customer','Akram Khan Sahib','','03009686679','','Khairpur','From 2019 To 31-3-2022','2022-04-03 12:05:40','2022-04-03 12:05:40',89),(82,'Customer','Ch Zafar ','','0300960000','','Madina chok','','2022-04-03 12:23:24','2022-04-03 12:23:24',90),(83,'Customer','Mahar Gafoor','','03006626001','','cha khagin wala','','2022-04-03 12:41:29','2022-04-03 12:41:29',91),(84,'Customer','Zulfqar siyal','','03000646352','','gulpur','','2022-04-03 12:43:00','2022-04-03 12:43:00',92),(85,'Customer','Syed Irfan ','','03006555460','','','','2022-04-03 12:59:43','2022-04-03 12:59:43',93),(86,'Supplier','Technofarm','','03008132878','','bahawal pur','','2022-04-03 17:58:06','2022-04-03 17:58:06',NULL),(87,'Customer','Shafiq Baig Sahib','','03007805356','','Allahbad','','2022-04-06 08:18:16','2022-04-06 08:18:16',102),(88,'Customer','Qaseer F/o','','03066675595','','Chak islamabad','','2022-04-06 10:06:17','2022-04-06 10:06:17',103),(89,'Customer','Ibrahim Rando','','03009191092','','Basti Roshan khan','','2022-04-06 12:09:20','2022-04-06 12:09:20',105),(90,'Customer','Mushtaq Khan Rando ','','03016578857','','Roshan khan','','2022-04-06 12:55:58','2022-04-06 12:55:58',106),(91,'Customer','Malik Waris','','03022722915','','madina chowk','','2022-04-06 15:28:29','2022-04-06 15:28:29',107),(92,'Customer','Mahar atta Muhammand','','03024141191','','','','2022-04-06 16:26:45','2022-04-06 16:26:45',108),(93,'Customer','CH Khurshid','','03013006825','','inati','','2022-04-06 17:48:27','2022-04-06 17:48:27',109),(94,'Supplier','Exert Chemicals','','03073535473','','bahawalpur','','2022-04-10 13:02:35','2022-04-10 13:02:35',NULL),(95,'Customer','Mahar Nawaz ','','03024141191','','kohe mukhiwala','','2022-04-10 13:26:11','2022-04-10 13:26:11',110),(96,'Supplier','Bayer Pakistan','','030325498','','','','2022-04-10 14:21:01','2022-04-10 14:21:01',NULL);
/*!40000 ALTER TABLE `contacts` ENABLE KEYS */;
UNLOCK TABLES;

--
-- Table structure for table `expenses`
--

DROP TABLE IF EXISTS `expenses`;
/*!40101 SET @saved_cs_client     = @@character_set_client */;
/*!40101 SET character_set_client = utf8 */;
CREATE TABLE `expenses` (
  `id` int(11) NOT NULL AUTO_INCREMENT,
  `date` date DEFAULT NULL,
  `type` varchar(255) NOT NULL,
  `description` varchar(255) DEFAULT NULL,
  `bookNumber` varchar(255) DEFAULT NULL,
  `billNumber` varchar(255) DEFAULT NULL,
  `amount` float DEFAULT NULL,
  `createdAt` datetime NOT NULL,
  `updatedAt` datetime NOT NULL,
  `accountId` int(11) DEFAULT NULL,
  PRIMARY KEY (`id`),
  KEY `accountId` (`accountId`),
  CONSTRAINT `expenses_ibfk_1` FOREIGN KEY (`accountId`) REFERENCES `accounts` (`id`) ON DELETE SET NULL ON UPDATE CASCADE
) ENGINE=InnoDB AUTO_INCREMENT=6 DEFAULT CHARSET=utf8;
/*!40101 SET character_set_client = @saved_cs_client */;

--
-- Dumping data for table `expenses`
--

LOCK TABLES `expenses` WRITE;
/*!40000 ALTER TABLE `expenses` DISABLE KEYS */;
INSERT INTO `expenses` VALUES (1,'2022-04-01','3','Malik Abbas','27','2610',80,'2022-04-06 08:49:27','2022-04-06 08:49:27',1),(2,'2022-04-02','1','cokidara + keraya','27','2621',700,'2022-04-06 11:30:00','2022-04-06 11:30:00',1),(3,'2022-04-03','4','hasilpur taring ','27','2640',35,'2022-04-06 13:11:24','2022-04-06 13:11:24',1),(4,'2022-04-03','1','hasilpur taring','27','2640',3465,'2022-04-06 13:13:34','2022-04-06 13:13:34',1),(5,'2022-04-07','2','bayer siplay mazdori','28','2710',240,'2022-04-10 12:28:46','2022-04-10 12:28:46',1);
/*!40000 ALTER TABLE `expenses` ENABLE KEYS */;
UNLOCK TABLES;

--
-- Table structure for table `products`
--

DROP TABLE IF EXISTS `products`;
/*!40101 SET @saved_cs_client     = @@character_set_client */;
/*!40101 SET character_set_client = utf8 */;
CREATE TABLE `products` (
  `id` int(11) NOT NULL AUTO_INCREMENT,
  `name` varchar(255) NOT NULL,
  `salePrice` float DEFAULT NULL,
  `description` varchar(255) NOT NULL,
  `alertQuantity` float DEFAULT NULL,
  `imageURL` varchar(255) NOT NULL,
  `nextLotNumber` int(11) NOT NULL DEFAULT '1',
  `createdAt` datetime NOT NULL,
  `updatedAt` datetime NOT NULL,
  `companyId` int(11) DEFAULT NULL,
  `categoryId` int(11) DEFAULT NULL,
  `unitId` int(11) DEFAULT NULL,
  PRIMARY KEY (`id`),
  KEY `companyId` (`companyId`),
  KEY `categoryId` (`categoryId`),
  KEY `unitId` (`unitId`),
  CONSTRAINT `products_ibfk_1` FOREIGN KEY (`companyId`) REFERENCES `companies` (`id`) ON UPDATE CASCADE,
  CONSTRAINT `products_ibfk_2` FOREIGN KEY (`categoryId`) REFERENCES `categories` (`id`) ON UPDATE CASCADE,
  CONSTRAINT `products_ibfk_3` FOREIGN KEY (`unitId`) REFERENCES `units` (`id`) ON UPDATE CASCADE
) ENGINE=InnoDB AUTO_INCREMENT=172 DEFAULT CHARSET=utf8;
/*!40101 SET character_set_client = @saved_cs_client */;

--
-- Dumping data for table `products`
--

LOCK TABLES `products` WRITE;
/*!40000 ALTER TABLE `products` DISABLE KEYS */;
INSERT INTO `products` VALUES (1,'Regent net rate',900,'',5,'ProductImage-Regentnetrate-1',2,'2022-04-02 14:57:41','2022-04-02 15:13:25',7,2,1),(2,'coragen 50Ml',750,'',5,'',2,'2022-04-02 15:26:05','2022-04-02 15:46:52',7,2,1),(3,'Movento net rate',1600,'',1,'',3,'2022-04-02 15:48:41','2022-04-02 15:54:40',7,2,1),(4,'Shedder Litr',700,'',5,'',2,'2022-04-02 16:07:12','2022-04-02 16:10:18',8,5,2),(5,'Qatil 80wg',1000,'',5,'',2,'2022-04-02 16:14:50','2022-04-02 16:19:49',6,2,1),(6,'Chopat 1litr',1200,'',5,'',2,'2022-04-02 16:15:33','2022-04-02 16:22:00',6,2,1),(7,'Taklu 400grm',650,'',5,'',2,'2022-04-02 16:16:16','2022-04-02 16:25:00',6,2,1),(8,'Manu7kg',900,'',5,'',2,'2022-04-02 16:17:05','2022-04-02 16:26:46',6,2,1),(9,'Patwari 500Ml',800,'',5,'',2,'2022-04-02 16:18:03','2022-04-02 16:28:42',6,2,2),(10,'Tahamathqazm 50grm',300,'',5,'',2,'2022-04-02 16:34:29','2022-04-02 16:37:14',9,2,1),(11,'calormax 200Ml',900,'',5,'',2,'2022-04-02 16:38:19','2022-04-02 16:40:43',9,2,2),(12,'Stormac 250grm',1600,'',5,'',2,'2022-04-02 16:46:46','2022-04-02 16:48:56',10,2,1),(13,'Acctamrid 250gram',600,'',5,'',2,'2022-04-02 16:50:12','2022-04-02 16:52:33',10,2,1),(14,'Bartli 500Ml',600,'',1,'',2,'2022-04-02 16:53:27','2022-04-02 16:54:06',10,2,2),(15,'theorax 200Ml',700,'',1,'',3,'2022-04-02 16:56:31','2022-04-02 17:35:05',5,2,2),(16,'Buprofezan 1kg',1500,'',1,'',3,'2022-04-02 17:01:11','2022-04-05 18:06:13',4,2,3),(17,'janthng 200grm',1000,'',1,'',2,'2022-04-02 17:06:06','2022-04-02 17:07:33',4,2,1),(18,'Pawer super 1k',700,'',5,'',2,'2022-04-02 17:10:16','2022-04-02 17:10:58',11,2,3),(19,'caroin 5000Ml',1200,'',1,'',3,'2022-04-02 17:12:01','2022-04-02 17:34:24',11,2,2),(20,'super crop 500Ml',400,'',1,'',3,'2022-04-02 17:14:15','2022-04-02 17:35:49',11,2,2),(21,'parogars 500Ml',1300,'',1,'',3,'2022-04-02 17:15:52','2022-04-02 17:33:50',11,2,2),(22,'Dipsol ',300,'',1,'',2,'2022-04-02 17:17:02','2022-04-02 17:17:42',11,2,1),(23,'paremear 100grm',650,'',5,'',2,'2022-04-02 17:19:02','2022-04-02 17:19:42',11,2,1),(24,'sulpar 25kg',11000,'',1,'',2,'2022-04-02 17:20:56','2022-04-02 17:31:26',11,2,3),(25,'supar crop 1liter',800,'',1,'',2,'2022-04-02 17:39:46','2022-04-02 17:40:45',11,2,2),(26,'Hitler 400Ml',650,'',1,'',2,'2022-04-03 18:02:34','2022-04-04 09:54:00',12,2,2),(27,'Blaze 400Ml',700,'',5,'',2,'2022-04-03 18:03:14','2022-04-04 10:01:37',12,2,2),(28,'Blaze 200Ml',350,'',5,'',2,'2022-04-03 18:03:48','2022-04-04 10:04:11',12,2,2),(29,'Hitler 1Liter',1500,'',5,'',3,'2022-04-03 18:04:28','2022-04-04 10:08:50',12,2,2),(30,'Xiaowang 1liter',1300,'',5,'',2,'2022-04-03 18:05:36','2022-04-04 10:11:41',12,2,2),(31,'Hitler 200Ml',350,'',5,'',2,'2022-04-03 18:06:10','2022-04-04 10:14:36',12,2,2),(32,'Segapest clear 400Ml',650,'',5,'',2,'2022-04-03 18:08:35','2022-04-04 10:18:17',12,2,2),(33,'Negehdasht Liter ',1800,'',5,'',2,'2022-04-03 18:09:24','2022-04-04 10:20:55',12,2,2),(34,'Negehdasht 500Ml',950,'',5,'',2,'2022-04-03 18:10:24','2022-04-04 10:30:09',12,2,2),(35,'Xiawang 500Ml',800,'',2,'',2,'2022-04-03 18:11:02','2022-04-04 10:25:20',12,2,2),(36,'Amazin Plus 480Ml',950,'',5,'',2,'2022-04-03 18:12:08','2022-04-04 13:29:19',12,2,2),(37,'Right Gro 500Ml',300,'',5,'',2,'2022-04-03 18:14:41','2022-04-04 13:34:45',12,6,2),(38,'Gro star 500Ml',300,'',5,'',2,'2022-04-03 18:15:05','2022-04-04 13:39:57',12,6,2),(39,'Fact 200',500,'',5,'',2,'2022-04-03 18:15:33','2022-04-04 13:44:30',12,2,1),(40,'Monocil 250Grm',500,'',5,'',3,'2022-04-03 18:16:47','2022-04-04 15:30:21',12,4,1),(41,'Zyrate 400Grm',650,'',5,'',2,'2022-04-03 18:18:01','2022-04-04 13:51:54',12,4,1),(42,'Recado 200Ml',1000,'',5,'',2,'2022-04-04 09:00:07','2022-04-04 13:54:49',12,2,2),(43,'Tempest-G 6kg',900,'',5,'',2,'2022-04-04 09:05:05','2022-04-04 13:57:23',12,7,3),(44,'Zoro 7kg',900,'',5,'',2,'2022-04-04 09:05:43','2022-04-04 14:00:00',12,7,3),(45,'Furatox 8Kg',1300,'',5,'',2,'2022-04-04 09:06:21','2022-04-04 14:04:39',12,7,3),(46,'Green Gro XL 500Ml',300,'',5,'',3,'2022-04-04 09:07:43','2022-04-04 15:17:53',12,6,2),(47,'Luphos 1liter',1200,'',5,'',2,'2022-04-04 09:10:25','2022-04-04 14:17:12',12,2,2),(48,'Ideal Plus 4liter',900,'',5,'ProductImage-IdealPlus4liter-48',2,'2022-04-04 09:11:34','2022-04-04 14:23:56',12,6,5),(49,'Zargar 20liter',3000,'',2,'',2,'2022-04-04 09:13:08','2022-04-04 14:27:29',12,6,5),(50,'Microsulf 25kg',14000,'',2,'',2,'2022-04-04 09:16:54','2022-04-04 15:11:24',12,4,3),(51,'Heaper1liter',650,'',5,'',2,'2022-04-04 09:18:06','2022-04-04 14:31:43',12,2,2),(52,'Abamectin 400Ml',600,'',2,'',2,'2022-04-04 09:19:33','2022-04-04 14:34:47',12,2,2),(53,'Prem up 800Ml',1400,'',2,'',3,'2022-04-04 09:27:43','2022-04-04 14:36:40',12,2,2),(54,'Ideal Plus 20liter',4000,'',2,'',2,'2022-04-04 09:28:38','2022-04-04 14:40:27',12,6,2),(55,'Amtid 100grm',600,'',2,'',3,'2022-04-04 09:29:38','2022-04-04 15:21:56',12,2,2),(56,'Acetochor 1liter',1200,'',5,'',2,'2022-04-04 09:30:41','2022-04-04 14:45:30',12,5,2),(57,'Daifenthuron 400Ml',1600,'',2,'',2,'2022-04-04 09:32:11','2022-04-04 14:47:14',12,2,2),(58,'Calm 500Ml',1000,'',2,'',2,'2022-04-04 09:32:56','2022-04-04 14:48:56',12,5,2),(59,'Wanista 100Grm',600,'',5,'',2,'2022-04-04 09:33:52','2022-04-04 14:50:30',12,5,1),(60,'Microsulf 1kg',600,'',5,'',2,'2022-04-04 09:34:51','2022-04-04 14:53:20',12,4,1),(61,'Acetachlor 500Ml',600,'',5,'',2,'2022-04-04 09:36:04','2022-04-04 14:55:57',12,5,2),(62,'Atrazine 1liter',1200,'',5,'',2,'2022-04-04 09:36:45','2022-04-04 15:01:18',12,5,2),(63,'Atrazine 500Ml',650,'',5,'',2,'2022-04-04 09:37:25','2022-04-04 14:59:33',12,5,2),(64,'Frutile 25kg',7500,'',5,'ProductImage-Frutile25kg-64',2,'2022-04-04 09:40:57','2022-04-04 15:03:04',12,6,3),(65,'Full Clear 800Ml',1400,'',5,'',1,'2022-04-04 09:43:33','2022-04-04 09:43:33',12,5,2),(66,'S-Metolachlor 800Ml',2000,'',5,'',2,'2022-04-04 09:45:03','2022-04-04 15:04:44',12,5,2),(67,'Ideal Super 8kg',1300,'',5,'',2,'2022-04-04 09:46:13','2022-04-04 15:06:43',12,6,1),(68,'Cymofast 600Grm',1000,'',5,'',2,'2022-04-04 09:47:10','2022-04-04 15:09:14',12,4,1),(69,'Amtide 50Grm',350,'',5,'',2,'2022-04-04 09:48:10','2022-04-04 15:17:53',12,2,2),(70,'Blaze 1liter',1500,'',5,'',2,'2022-04-04 14:18:44','2022-04-04 14:20:56',12,2,2),(71,'Pyranazole 200Ml',1200,'',5,'',2,'2022-04-04 15:12:45','2022-04-04 15:25:08',12,4,2),(72,'acetamiprid 250',840,'',2,'',3,'2022-04-04 15:59:34','2022-04-10 14:35:28',14,2,2),(73,'Movento 250Ml',1950,'',5,'',2,'2022-04-04 16:03:56','2022-04-10 14:35:28',14,2,1),(74,'Regent Wg 30grm',1060,'',5,'',1,'2022-04-04 16:04:53','2022-04-04 16:24:07',14,2,1),(75,'Belt 50ML',1300,'',5,'',2,'2022-04-04 16:05:40','2022-04-05 16:45:12',14,2,2),(76,'Oberon speed 100ml',970,'',5,'',3,'2022-04-04 16:06:50','2022-04-10 14:35:28',14,2,2),(77,'Decis super 240ML',900,'',5,'',3,'2022-04-04 16:08:22','2022-04-10 14:35:28',14,2,2),(78,'Confidor SL 500ML',1500,'',5,'',3,'2022-04-04 16:10:14','2022-04-05 16:53:29',14,2,2),(79,'Confidor 1Liter',2960,'',5,'',3,'2022-04-04 16:10:51','2022-04-05 16:58:22',14,2,2),(80,'Coredor 660grm',1550,'',5,'',1,'2022-04-04 16:11:52','2022-04-04 16:25:26',14,2,1),(81,'Nativo 65gm',730,'',5,'',2,'2022-04-04 16:12:32','2022-04-05 16:37:18',14,4,1),(83,'Melody Duo 500gm',1480,'',5,'',2,'2022-04-04 16:14:29','2022-04-05 16:21:22',14,4,1),(84,'Aliette 1kg',2700,'',5,'',1,'2022-04-04 16:15:29','2022-04-04 16:15:29',14,4,1),(85,'Aliette 250gm',680,'',5,'',2,'2022-04-04 16:16:35','2022-04-05 16:42:09',14,4,1),(86,'Antracol 1kg',1720,'',5,'',2,'2022-04-04 16:17:13','2022-04-05 16:55:45',14,4,1),(87,'Council Activ75gm',1370,'',5,'',2,'2022-04-04 16:19:56','2022-04-05 16:50:57',14,5,1),(88,'Sunstar Gold',630,'',5,'',1,'2022-04-04 16:20:46','2022-04-04 16:20:46',14,5,1),(89,'Hombre XL 200ML',1350,'',5,'',2,'2022-04-04 16:22:01','2022-04-10 14:35:28',14,2,2),(90,'Acephate 1kg',3200,'',5,'',2,'2022-04-04 16:41:42','2022-04-05 13:05:37',4,2,1),(91,'Carbofuron 8kg',2000,'',5,'',2,'2022-04-04 16:42:52','2022-04-05 14:09:17',4,2,1),(92,'Cartap 4g 9kg',2800,'',5,'',2,'2022-04-04 16:44:29','2022-04-05 12:54:59',4,7,1),(93,'Chlorpyrifos 1liter',1775,'',5,'',2,'2022-04-04 17:05:08','2022-04-05 13:36:20',4,2,1),(94,'Emametin 400Ml',840,'',5,'',2,'2022-04-04 17:06:10','2022-04-05 12:37:02',4,2,2),(95,'Simida250gm',650,'',5,'',2,'2022-04-04 17:07:36','2022-04-05 13:15:12',4,2,1),(96,'Feiniao 20gm',206,'',5,'',2,'2022-04-04 17:11:27','2022-04-05 13:44:59',4,2,1),(97,'K-Leaf 2kg',1050,'',5,'',3,'2022-04-04 17:40:59','2022-04-05 18:16:05',4,6,1),(98,'Pyriproxyfen 500Ml',1000,'',5,'',2,'2022-04-04 17:42:40','2022-04-05 13:01:22',4,2,2),(99,'Ruiying 200Ml',1000,'',5,'',2,'2022-04-04 17:44:49','2022-04-05 13:55:54',4,5,2),(100,'Tecamin Max 1Liter',2090,'',5,'',2,'2022-04-04 17:45:48','2022-04-05 13:26:05',4,6,2),(101,'Top Care 1kg',1470,'',5,'',2,'2022-04-04 17:46:42','2022-04-05 12:58:00',4,5,3),(102,'Triazophos',2000,'',5,'',2,'2022-04-04 17:47:41','2022-04-05 13:11:48',4,2,2),(103,'Wokozim 1liter',3800,'',5,'',2,'2022-04-04 17:48:44','2022-04-05 13:52:15',4,6,2),(104,'Qiahan 200Ml',3200,'',5,'',2,'2022-04-04 17:49:56','2022-04-05 13:08:05',4,2,2),(105,'Glyphosate 1Liter',1300,'',5,'',3,'2022-04-04 17:51:18','2022-04-06 19:38:18',4,5,2),(106,'Cheeta Sulphur 10kg',2000,'',5,'',2,'2022-04-04 17:54:00','2022-04-05 14:02:46',4,7,1),(107,'Lambda 1liter',860,'',5,'',2,'2022-04-04 17:55:49','2022-04-05 13:22:40',4,2,1),(108,'Lambda  250Ml',320,'',5,'',2,'2022-04-04 17:56:24','2022-04-05 13:19:13',4,2,2),(109,'Lufenuron 400Ml',550,'',5,'',2,'2022-04-04 17:57:23','2022-04-05 12:40:17',4,2,2),(110,'Matoi 200gm',5200,'',5,'',2,'2022-04-04 18:17:35','2022-04-05 13:38:22',4,2,1),(111,'Binder 500Ml',400,'',5,'',2,'2022-04-04 18:26:21','2022-04-05 11:22:44',2,6,2),(113,'Dawn 20liter',2200,'',5,'',2,'2022-04-04 18:27:13','2022-04-05 09:13:54',2,6,1),(114,'Premier 4liter',0,'',5,'',2,'2022-04-04 18:28:13','2022-04-05 18:54:35',2,6,1),(115,'Hyperstar 20liter ',4500,'',5,'',2,'2022-04-04 18:29:03','2022-04-05 09:17:12',2,6,5),(116,'Favourite Potash 10Liter',3000,'',5,'',2,'2022-04-04 18:30:04','2022-04-05 09:22:56',2,6,5),(117,'Hala Gula 25kg',6000,'',5,'',2,'2022-04-04 18:31:21','2022-04-05 09:10:37',2,6,3),(118,'Paro 400Ml',600,'',5,'',2,'2022-04-04 18:34:47','2022-04-05 11:54:23',2,2,2),(119,'imidacloprid 200gm',450,'',5,'',2,'2022-04-04 18:35:37','2022-04-05 11:58:50',2,2,1),(120,'Louie 1liter',1200,'',5,'',2,'2022-04-04 18:36:42','2022-04-05 09:48:56',2,2,2),(121,'Louie 400Ml',600,'',5,'',3,'2022-04-04 18:37:31','2022-04-10 14:09:12',2,2,2),(122,'Chlorfenapyer 200Ml',1000,'',5,'',2,'2022-04-04 18:40:39','2022-04-05 11:36:48',2,2,2),(123,'King Pocker 200Ml',800,'',5,'',2,'2022-04-04 18:41:31','2022-04-05 11:33:04',2,2,2),(124,'Spall 1Liter',1800,'',5,'',2,'2022-04-04 18:42:12','2022-04-05 09:56:05',2,2,2),(125,'Bheem 1Liter',1400,'',5,'',2,'2022-04-05 08:13:56','2022-04-05 09:46:32',2,2,2),(126,'Bheem 400Ml',600,'',5,'',3,'2022-04-05 08:14:25','2022-04-10 14:09:12',2,2,2),(127,'Luma 400Ml',600,'',5,'',3,'2022-04-05 08:14:56','2022-04-10 14:09:12',2,2,2),(128,'Spider 1Liter',700,'',5,'',2,'2022-04-05 08:15:34','2022-04-05 09:58:57',2,2,2),(129,'Spider 500Ml',400,'',5,'',2,'2022-04-05 08:16:06','2022-04-05 10:04:30',2,2,2),(130,'Imidacloprid Pink 50Gm',450,'',5,'',3,'2022-04-05 08:17:36','2022-04-06 11:51:52',2,2,2),(131,'Abectin 1Liter',1200,'',5,'',2,'2022-04-05 08:18:24','2022-04-05 11:25:49',2,2,2),(132,'Abectin 400Ml',600,'',5,'',2,'2022-04-05 08:18:52','2022-04-05 11:29:32',2,2,2),(133,'Shikra 1Liter',1300,'',5,'',2,'2022-04-05 08:21:11','2022-04-05 11:43:55',2,2,2),(134,'SS32 Kg',600,'',5,'',2,'2022-04-05 08:49:29','2022-04-06 07:45:48',15,3,3),(135,'Hadif 3 kg',1400,'',5,'',2,'2022-04-05 08:50:12','2022-04-06 07:49:58',15,3,3),(136,'2022 Kg',800,'',5,'',2,'2022-04-05 08:50:41','2022-04-06 07:48:49',15,3,3),(137,'Bs 15 kg',500,'',5,'',2,'2022-04-05 08:51:31','2022-04-06 07:54:57',2,3,3),(138,'Shahker Kg',500,'',5,'',2,'2022-04-05 08:52:32','2022-04-06 07:55:43',2,3,3),(139,'Growth 10Liter',1200,'',5,'',2,'2022-04-05 09:19:01','2022-04-05 09:20:24',2,6,5),(140,'Hangama 1kg',550,'',5,'',2,'2022-04-05 09:25:08','2022-04-05 09:51:49',2,6,1),(141,'Hangama 25kg',9500,'',5,'',2,'2022-04-05 09:25:33','2022-04-05 09:29:03',2,6,3),(142,'Bromoxynl+Mpcpa 400Ml',800,'',5,'',2,'2022-04-05 10:07:11','2022-04-05 10:09:59',2,5,2),(143,'Top Clear 1Liter',1300,'',5,'',2,'2022-04-05 10:13:14','2022-04-05 10:17:22',2,5,2),(144,'Fuji one 480ML',1200,'',5,'',2,'2022-04-05 12:42:39','2022-04-05 12:45:52',4,4,2),(145,'Tecamin Max 500ML',1100,'',5,'',2,'2022-04-05 13:28:07','2022-04-05 13:32:26',4,6,2),(146,'Solupotash 25kg',8000,'',2,'',2,'2022-04-05 13:46:43','2022-04-05 13:47:51',4,6,3),(147,'Fertigrain Foliar 1liter',1600,'',1,'',2,'2022-04-05 13:59:46','2022-04-05 14:01:13',2,6,2),(148,'S-Metolachlor 800ML',1200,'',1,'',2,'2022-04-05 14:05:48','2022-04-05 14:06:56',2,5,2),(149,'Gengwei Liter',1400,'',5,'',3,'2022-04-05 14:11:13','2022-04-05 18:11:52',4,5,2),(150,'Grozin 3Kg',1200,'',5,'',2,'2022-04-05 14:15:07','2022-04-05 14:16:32',4,6,3),(151,'Aluminium Phosphhet kg',2350,'',1,'',2,'2022-04-05 14:20:52','2022-04-05 14:21:36',11,2,2),(152,'Sulphur 10kg',1800,'',2,'',2,'2022-04-05 14:25:03','2022-04-05 14:26:56',9,2,3),(153,'Pivot 4Liter',600,'',2,'',2,'2022-04-05 14:45:12','2022-04-05 14:56:39',16,6,1),(154,'Pivot 20liter',2500,'',2,'',2,'2022-04-05 14:45:50','2022-04-05 14:52:35',16,6,1),(155,'Kamyab 20Liter',2200,'',1,'',2,'2022-04-05 14:47:31','2022-04-05 15:02:00',16,6,1),(156,'Baaz 400ML',600,'',5,'',3,'2022-04-05 14:47:57','2022-04-05 15:04:09',16,2,2),(157,'Pyriproxyfen 500L',800,'',5,'',2,'2022-04-05 15:45:30','2022-04-05 15:46:16',17,2,2),(158,'Takumi 120ML',1600,'',5,'',2,'2022-04-05 15:48:02','2022-04-06 16:16:54',17,2,2),(159,'Avito 100Ml',1400,'',5,'',2,'2022-04-05 15:48:45','2022-04-06 15:48:07',17,4,2),(160,'Fipronil 480Ml',1400,'',5,'',1,'2022-04-05 15:50:10','2022-04-05 15:50:10',4,2,2),(161,'Champion 1Kg',3600,'',5,'',1,'2022-04-05 15:51:19','2022-04-05 15:51:19',4,2,1),(162,'Bayfolan 500ML ',1100,'EX',5,'',2,'2022-04-05 15:53:57','2022-04-05 15:55:51',14,6,2),(163,'Dutiful 205GM',550,'',5,'',2,'2022-04-05 16:02:48','2022-04-05 16:05:17',18,2,1),(164,'Bctril Super 900Ml',2600,'',5,'',2,'2022-04-05 16:23:22','2022-04-05 16:28:20',14,5,2),(165,'Bifenthrin 500Ml',1200,'',5,'',2,'2022-04-05 17:57:18','2022-04-05 18:03:22',4,2,2),(166,'Premier 200liter',17000,'',5,'',2,'2022-04-10 12:59:27','2022-04-10 13:06:09',2,6,5),(167,'Safaya 1Liter',1400,'',5,'',2,'2022-04-10 13:29:50','2022-04-10 13:33:28',12,5,2),(168,'Premirer 20liter',2200,'',5,'',2,'2022-04-10 14:02:04','2022-04-10 14:09:12',2,6,5),(169,'Dabang 1liter',1400,'',5,'',2,'2022-04-10 14:10:33','2022-04-10 14:16:25',2,5,5),(170,'Chlorpyrifos liter',1200,'',5,'',2,'2022-04-10 14:11:16','2022-04-10 14:16:25',2,2,5),(171,'Fyona 480ml',800,'',5,'',2,'2022-04-10 14:17:24','2022-04-10 14:20:00',2,2,2);
/*!40000 ALTER TABLE `products` ENABLE KEYS */;
UNLOCK TABLES;

--
-- Table structure for table `productstocks`
--

DROP TABLE IF EXISTS `productstocks`;
/*!40101 SET @saved_cs_client     = @@character_set_client */;
/*!40101 SET character_set_client = utf8 */;
CREATE TABLE `productstocks` (
  `id` int(11) NOT NULL AUTO_INCREMENT,
  `lotNumber` int(11) NOT NULL,
  `batchNumber` varchar(255) DEFAULT NULL,
  `invoiceNumber` varchar(255) NOT NULL,
  `expiryDate` date DEFAULT NULL,
  `costPrice` float DEFAULT NULL,
  `quantity` float DEFAULT NULL,
  `initialQuantity` float DEFAULT NULL,
  `notes` varchar(255) DEFAULT NULL,
  `createdAt` datetime NOT NULL,
  `updatedAt` datetime NOT NULL,
  `productId` int(11) DEFAULT NULL,
  `purchaseId` int(11) DEFAULT NULL,
  PRIMARY KEY (`id`),
  KEY `productId` (`productId`),
  KEY `purchaseId` (`purchaseId`),
  CONSTRAINT `productstocks_ibfk_1` FOREIGN KEY (`productId`) REFERENCES `products` (`id`) ON UPDATE CASCADE,
  CONSTRAINT `productstocks_ibfk_2` FOREIGN KEY (`purchaseId`) REFERENCES `purchases` (`id`) ON UPDATE CASCADE
) ENGINE=InnoDB AUTO_INCREMENT=187 DEFAULT CHARSET=utf8;
/*!40101 SET character_set_client = @saved_cs_client */;

--
-- Dumping data for table `productstocks`
--

LOCK TABLES `productstocks` WRITE;
/*!40000 ALTER TABLE `productstocks` DISABLE KEYS */;
INSERT INTO `productstocks` VALUES (1,1,'Ph00011422','1','0001-01-01',800,36,50,'','2022-04-02 15:13:25','2022-04-10 21:33:47',1,1),(2,1,'21-c60054','01','2022-11-30',630,209,212,'','2022-04-02 15:46:44','2022-04-10 21:33:49',2,NULL),(3,1,'Pais008099','02','2022-10-31',1370,5,5,'','2022-04-02 15:52:54','2022-04-02 15:52:54',3,NULL),(4,2,'pais008099','02','2022-10-31',1370,5,5,'','2022-04-02 15:54:37','2022-04-02 15:54:37',3,NULL),(5,1,'20210630a','29.20111.0455','2023-04-01',561.12,44,45,'','2022-04-02 16:10:03','2022-04-06 16:36:53',4,NULL),(6,1,'2109082','20-0222-2633','2023-09-30',860,100,100,'','2022-04-02 16:19:47','2022-04-10 21:33:49',5,NULL),(7,1,'2111056','20-0222-2633','2024-02-29',890,60,60,'ye do b no main hai ','2022-04-02 16:21:58','2022-04-02 16:21:58',6,NULL),(8,1,'2109091','20-0222-2022','2023-01-31',480,43,45,'ye b no 2 hai','2022-04-02 16:24:58','2022-04-06 19:11:47',7,NULL),(9,1,'2108189','20-0821-2633','2023-04-23',547.73,7,7,'','2022-04-02 16:26:43','2022-04-02 16:26:43',8,NULL),(10,1,'2104006','20-0821-2583','2023-04-30',548,12,16,'','2022-04-02 16:28:40','2022-04-06 17:20:47',9,NULL),(11,1,'12336','03','2023-04-01',175,17,17,'','2022-04-02 16:37:13','2022-04-02 16:37:13',10,NULL),(12,1,'56566','04','2023-04-30',770,24,24,'','2022-04-02 16:40:38','2022-04-02 16:40:38',11,NULL),(13,1,'zb20100102','873','2023-04-30',1333.33,15,15,'','2022-04-02 16:48:54','2022-04-02 16:48:54',12,NULL),(14,1,'zb201960504','873','2023-04-30',333.33,8,8,'','2022-04-02 16:52:29','2022-04-02 16:52:29',13,NULL),(15,1,'123','05','2023-04-30',390,4,4,'','2022-04-02 16:54:04','2022-04-02 16:54:04',14,NULL),(16,1,'65465','1101001492','2023-04-30',410,4,4,'','2022-04-02 16:58:56','2022-04-02 16:58:56',15,NULL),(17,1,'nac19049','06','2023-04-30',1098,4,4,'','2022-04-02 17:04:43','2022-04-02 17:04:43',16,NULL),(18,1,'vy1901005','08','2023-04-30',748,14,14,'','2022-04-02 17:07:25','2022-04-02 17:07:25',17,NULL),(19,1,'02566','09','2023-04-16',460,1,1,'','2022-04-02 17:10:57','2022-04-02 17:10:57',18,NULL),(20,1,'13568','10','2023-04-30',1000,18,18,'','2022-04-02 17:12:37','2022-04-02 17:12:37',19,NULL),(21,1,'25635','356','2023-04-30',280,4,4,'','2022-04-02 17:15:01','2022-04-02 17:15:01',20,NULL),(22,1,'13563','11','2023-04-23',1001,2,2,'','2022-04-02 17:16:26','2022-04-02 17:16:26',21,NULL),(23,1,'325345','12','2023-04-30',247,15,15,'','2022-04-02 17:17:38','2022-04-02 17:17:38',22,NULL),(24,1,'1354','13','2022-04-26',495,1,1,'','2022-04-02 17:19:40','2022-04-02 17:19:40',23,NULL),(25,1,'36546','989','2023-10-31',9000,8,8,'','2022-04-02 17:31:24','2022-04-02 17:31:24',24,NULL),(26,2,'23655','13','2023-04-24',1001,2,2,'','2022-04-02 17:33:47','2022-04-02 17:33:47',21,NULL),(27,2,'5635','14','2023-04-17',1000,1,1,'','2022-04-02 17:34:23','2022-04-02 17:34:23',19,NULL),(28,2,'3256','15','2023-04-17',414,1,1,'','2022-04-02 17:35:04','2022-04-02 17:35:04',15,NULL),(29,2,'25365','16','2023-04-19',280,3,3,'','2022-04-02 17:35:40','2022-04-02 17:35:40',20,NULL),(30,1,'32565','564','2023-04-19',650,2,2,'','2022-04-02 17:40:43','2022-04-02 17:40:43',25,NULL),(31,1,'gg2021-1902','2103001158','2022-02-28',385,101,112,'','2022-04-04 09:53:57','2022-04-10 21:15:19',26,NULL),(32,1,'gg2021-2001','2103001158','2023-01-31',445,57,69,'','2022-04-04 10:01:35','2022-04-10 21:10:30',27,NULL),(33,1,'gg2022-250','2103000955','2024-01-31',285,12,15,'','2022-04-04 10:04:08','2022-04-10 12:03:02',28,NULL),(34,1,'gg2021-1902','2103001357','2023-02-28',894,3,23,'','2022-04-04 10:07:08','2022-04-10 13:47:31',29,NULL),(35,2,'gg2021-1903','2103001176','2023-08-24',894,2,2,'','2022-04-04 10:08:48','2022-04-04 10:08:48',29,NULL),(36,1,'gg2021-103','2103001352','2023-08-31',870,111,111,'','2022-04-04 10:11:39','2022-04-04 10:11:39',30,NULL),(37,1,'gg2021-1901','2103000955','2023-01-31',262,26,30,'','2022-04-04 10:14:34','2022-04-10 12:03:02',31,NULL),(38,1,'gg2022-3501','2106000005','2024-01-31',495,1,8,'','2022-04-04 10:18:15','2022-04-06 19:18:55',32,NULL),(39,1,'gg2021-2301','2103001386','2023-02-28',1393,65,76,'','2022-04-04 10:20:54','2022-04-10 21:09:55',33,NULL),(40,1,'gg2022-2101','2103000183','2024-01-31',622,11,11,'','2022-04-04 10:25:17','2022-04-04 10:25:17',35,NULL),(41,1,'gg2022-1201','2103000183','2024-01-31',885,8,12,'','2022-04-04 10:30:08','2022-04-10 13:22:05',34,NULL),(42,1,'gg2022-2401','2103000222','2024-01-31',775,1,17,'','2022-04-04 13:29:17','2022-04-10 21:15:19',36,NULL),(43,1,'gg2022-27012101','2103000197','2024-01-31',184.8,18,42,'','2022-04-04 13:34:44','2022-04-06 19:11:47',37,NULL),(44,1,'gg2021-2701','2103000956','2023-02-28',232,29,29,'','2022-04-04 13:39:56','2022-04-04 13:39:56',38,NULL),(45,1,'gg2021-1402','22103000196','2023-03-31',365,27,41,'','2022-04-04 13:44:27','2022-04-06 18:29:06',39,NULL),(46,1,'gg2022-301','2103000222','2024-01-31',380,0,15,'','2022-04-04 13:46:51','2022-04-06 15:40:14',40,NULL),(47,1,'gg2021-703','2103001386','2023-05-31',585,85,91,'','2022-04-04 13:51:52','2022-04-10 13:37:40',41,NULL),(48,1,'gg2022-901','2103000032','2024-01-24',976.8,74,85,'','2022-04-04 13:54:48','2022-04-10 13:19:07',42,NULL),(49,1,'gg2021-3101','2103000576','2023-02-28',720,31,35,'','2022-04-04 13:57:20','2022-04-06 18:59:21',43,NULL),(50,1,'gg2021-4303','2103001101','2023-01-31',598,21,21,'','2022-04-04 13:59:59','2022-04-04 13:59:59',44,NULL),(51,1,'gg2022-1902','2103000183','2024-04-01',1190,11,16,'','2022-04-04 14:04:36','2022-04-06 10:58:23',45,NULL),(52,1,'gg2021-2902','2103000702','2023-03-31',193.2,0,2,'','2022-04-04 14:06:50','2022-04-06 11:21:59',46,NULL),(53,1,'gg2022-802','2106000005','2024-02-29',998,27,27,'','2022-04-04 14:17:11','2022-04-04 14:17:11',47,NULL),(54,1,'gg2021-2001','2103000972','2023-01-31',1020,58,75,'','2022-04-04 14:20:55','2022-04-10 13:47:31',70,NULL),(55,1,'gg2022-401','2103000182','2022-02-28',599,19,22,'','2022-04-04 14:23:54','2022-04-06 11:21:59',48,NULL),(56,1,'GG20021-1703','2103001207','2024-01-31',2663.02,9,9,'','2022-04-04 14:27:28','2022-04-04 14:27:28',49,NULL),(57,1,'TF2020-303','210301358','2023-09-30',499,94,94,'','2022-04-04 14:31:42','2022-04-04 14:31:42',51,NULL),(58,1,'GG20214502','2103000891','2023-01-31',414,3,4,'','2022-04-04 14:34:46','2022-04-10 13:19:07',52,NULL),(59,1,'TF2020-2801','1549451','2022-06-30',1253,3,3,'','2022-04-04 14:36:40','2022-04-04 14:36:40',53,NULL),(60,2,'TF2020-2801','1549451','2022-06-30',1253,3,3,'','2022-04-04 14:36:40','2022-04-04 14:36:40',53,NULL),(61,1,'GG2022-401','2103000182','2024-01-31',2699,10,10,'','2022-04-04 14:40:25','2022-04-04 14:40:25',54,NULL),(62,1,'949','56569','2023-01-31',490,0,3,'','2022-04-04 14:41:53','2022-04-06 11:21:59',55,NULL),(63,1,'GG2022-2501','2103000045','2024-01-31',1120.66,45,45,'','2022-04-04 14:45:29','2022-04-04 14:45:29',56,NULL),(64,1,'GG2021-3901','64566','2023-03-31',1442,1,1,'','2022-04-04 14:47:12','2022-04-04 14:47:12',57,NULL),(65,1,'GG2021-3501','6456','2023-02-28',959,1,2,'','2022-04-04 14:48:55','2022-04-10 13:41:49',58,NULL),(66,1,'2021FD019','6598+8','2023-03-31',470,2,2,'','2022-04-04 14:50:26','2022-04-04 14:50:26',59,NULL),(67,1,'GG2023-3401','2106000005','2024-02-22',470,52,99,'','2022-04-04 14:53:19','2022-04-10 21:12:21',60,NULL),(68,1,'GG2022-501','2103000021','2024-01-31',465,23,23,'','2022-04-04 14:55:50','2022-04-04 14:55:50',61,NULL),(69,1,'GG2021-4401','2103000021','2023-03-31',561,55,55,'','2022-04-04 14:59:31','2022-04-04 14:59:31',63,NULL),(70,1,'GG2022-2301','2103000045','2023-01-31',1016.13,61,61,'','2022-04-04 15:01:17','2022-04-04 15:01:17',62,NULL),(71,1,'GG2022-2001','2103000072','2024-01-31',6250,85,93,'','2022-04-04 15:03:03','2022-04-10 13:22:05',64,NULL),(72,1,'GG2022-1501','2103000096','2024-01-31',1745,6,6,'','2022-04-04 15:04:42','2022-04-04 15:04:42',66,NULL),(73,1,'GG2022-2001','2103000097','2024-01-31',1080,7,7,'','2022-04-04 15:06:42','2022-04-04 15:06:42',67,NULL),(74,1,'GG2021-5901','2103000196','2023-09-30',795,15,20,'','2022-04-04 15:09:12','2022-04-06 19:16:06',68,NULL),(75,1,'GG20215901','2103000182','2023-09-30',11121,0,1,'','2022-04-04 15:11:22','2022-04-06 16:23:07',50,NULL),(76,1,'GG-2022-1001','2103000265','0001-01-01',350,33,40,'','2022-04-04 15:17:53','2022-04-10 13:22:05',69,2),(77,2,'GG-2022-2801','2103000265','0001-01-01',198,11,40,'','2022-04-04 15:17:53','2022-04-10 21:10:30',46,2),(78,2,'GG-2021-101','2103000266','0001-01-01',595,40,40,'','2022-04-04 15:21:56','2022-04-04 15:21:56',55,3),(79,1,'GG-2021-202','2103000266','0001-01-01',840,20,20,'','2022-04-04 15:25:08','2022-04-10 21:09:37',71,4),(80,2,'GG-2022-301','2103000272','0001-01-01',380,59,60,'','2022-04-04 15:30:21','2022-04-10 12:24:43',40,5),(81,1,'AQB-21','465465','2023-04-30',705,8,8,'','2022-04-04 16:01:13','2022-04-04 16:01:13',72,NULL),(82,1,'EC-20210415','10000484','2026-04-30',4800,141,144,'','2022-04-05 09:10:36','2022-04-10 13:57:05',117,NULL),(83,1,'DZ/04020','10001126','2023-10-31',1550,4,5,'','2022-04-05 09:13:53','2022-04-06 08:52:35',113,NULL),(84,1,'EC-202008-EHS','10004465','2022-08-31',3550,4,6,'','2022-04-05 09:17:07','2022-04-06 19:20:49',115,NULL),(85,1,'GR0820','10004395','2022-08-31',800,5,5,'','2022-04-05 09:20:14','2022-04-05 09:20:14',139,NULL),(86,1,'OCT-2024','10000547','2024-10-31',2250,17,17,'','2022-04-05 09:22:55','2022-04-05 09:22:55',116,NULL),(87,1,'SJD-20200767','10001068','2023-08-31',7000,12,13,'','2022-04-05 09:29:02','2022-04-10 12:13:10',141,NULL),(88,1,'PM/06021E','10004243','2023-06-30',320,48,48,'','2022-04-05 09:37:51','2022-04-05 09:37:51',114,NULL),(89,1,'E20122','10001068','2023-06-30',1100,53,54,'','2022-04-05 09:41:03','2022-04-06 10:22:07',125,NULL),(90,1,'E-20-1-22','10001031','2024-01-31',490,35,37,'','2022-04-05 09:45:46','2022-04-06 13:16:27',126,NULL),(91,1,'E-1-5-21','10004242','2023-05-31',880,58,60,'','2022-04-05 09:48:54','2022-04-06 17:17:08',120,NULL),(92,1,'SJD2020-0767','1000127','2023-08-31',335,91,95,'','2022-04-05 09:51:46','2022-04-06 12:54:13',140,NULL),(93,1,'E15521','10001071','2023-05-31',1650,11,11,'','2022-04-05 09:55:56','2022-04-05 09:55:56',124,NULL),(94,1,'PC21250LM','10000215','2024-01-31',470,52,53,'','2022-04-05 09:58:56','2022-04-10 21:19:36',128,NULL),(95,1,'S8122','10001068','2024-01-31',390,40,47,'','2022-04-05 10:01:15','2022-04-10 21:10:46',127,NULL),(96,1,'PC212501LM','10004242','2023-01-31',300,84,89,'','2022-04-05 10:04:28','2022-04-10 21:15:19',129,NULL),(97,1,'E-28-9/21','10004243','2023-09-30',545,10,10,'','2022-04-05 10:09:58','2022-04-05 10:09:58',142,NULL),(98,1,'E23122','1000071','2024-01-31',1150,90,90,'','2022-04-05 10:17:20','2022-04-05 10:17:20',143,NULL),(99,1,'EC-202101-B','1000894','2023-01-31',190,7,7,'','2022-04-05 11:22:43','2022-04-05 11:22:43',111,NULL),(100,1,'E40-521','10001227','2023-05-31',955,8,17,'','2022-04-05 11:25:46','2022-04-10 21:10:30',131,NULL),(101,1,'E-40-5/21','10000710','2023-05-31',410,11,15,'','2022-04-05 11:29:31','2022-04-10 13:52:24',132,NULL),(102,1,'CTA202101101CF','10000592','2023-06-30',630,13,17,'','2022-04-05 11:33:03','2022-04-06 19:11:47',123,NULL),(103,1,'PC210101CF','10000592','2023-01-31',799,10,12,'','2022-04-05 11:36:47','2022-04-06 15:40:14',122,NULL),(104,1,'E11121','10001031','2023-11-30',399,14,19,'','2022-04-05 11:41:17','2022-04-10 21:13:14',121,NULL),(105,1,'OCT-30','10001071','2023-11-30',1100,10,11,'','2022-04-05 11:43:10','2022-04-06 10:58:23',133,NULL),(106,1,'PC210101PP','10000737','2022-03-31',100,400,400,'','2022-04-05 11:54:22','2022-04-05 11:54:22',118,NULL),(107,1,'20210401001','10001031','2023-04-30',380,8,13,'','2022-04-05 11:58:17','2022-04-10 21:13:14',119,NULL),(108,1,'VE210101','10000643','2024-01-31',240,-6,1,'','2022-04-05 12:00:24','2022-04-06 11:46:27',130,NULL),(109,1,'VY210610','110007','2023-03-31',641.28,162,174,'','2022-04-05 12:36:52','2022-04-10 21:11:01',94,NULL),(110,1,'JA02082021','110009','2024-08-31',416,187,207,'','2022-04-05 12:40:14','2022-04-10 21:11:01',109,NULL),(111,1,'NlB17','105794','2023-02-28',1199,14,14,'','2022-04-05 12:45:51','2022-04-05 12:45:51',144,NULL),(112,1,'3124653633','101036','2033-04-01',916,11,12,'','2022-04-05 12:47:55','2022-04-06 15:40:14',97,NULL),(113,1,'217111','108221','2023-07-31',1827,7,7,'','2022-04-05 12:54:58','2022-04-05 12:54:58',92,NULL),(114,1,'20200625','105304','2022-06-30',1197,4,22,'','2022-04-05 12:57:58','2022-04-06 19:43:17',101,NULL),(115,1,'PC200722PP','104451','2023-07-31',810,56,57,'','2022-04-05 13:01:20','2022-04-06 19:24:50',98,NULL),(116,1,'NAC20040001','104451','2023-11-16',2158,20,20,'','2022-04-05 13:05:35','2022-04-05 13:05:35',90,NULL),(117,1,'2021060901','1082221','2023-06-30',2877,20,20,'','2022-04-05 13:08:03','2022-04-05 13:08:03',104,NULL),(118,1,'2021060901','108224','2024-04-30',2036,8,8,'','2022-04-05 13:11:42','2022-04-05 13:11:42',102,NULL),(119,1,'NAC21060','104451','2023-04-04',543,22,63,'','2022-04-05 13:15:11','2022-04-10 12:15:52',95,NULL),(120,1,'E22521','109980','2023-05-31',234,93,100,'','2022-04-05 13:19:12','2022-04-10 12:31:21',108,NULL),(121,1,'PC200615LM','109980','2023-05-31',613,86,91,'','2022-04-05 13:22:38','2022-04-06 16:28:55',107,NULL),(122,1,'20290135','104452','2024-09-30',1727,17,20,'','2022-04-05 13:26:04','2022-04-10 12:47:49',100,NULL),(123,1,'20080135','99579','2024-03-31',955,4,6,'','2022-04-05 13:32:25','2022-04-10 12:47:49',145,NULL),(124,1,'2020120516','102408','2022-12-31',1317,2,2,'','2022-04-05 13:36:19','2022-04-05 13:36:19',93,NULL),(125,1,'CIB01','110744','2023-04-30',3820,75,75,'','2022-04-05 13:38:21','2022-04-05 13:38:21',110,NULL),(126,1,'Rs1772','110168','2023-04-30',948,2,40,'','2022-04-05 13:41:21','2022-04-10 21:14:17',105,NULL),(127,1,'20210116','104098','2023-01-31',170,20,20,'','2022-04-05 13:44:58','2022-04-05 13:44:58',96,NULL),(128,1,'S113134381','108388','2030-04-06',7221,0,1,'','2022-04-05 13:47:50','2022-04-06 13:09:46',146,NULL),(129,1,'BWL20LK052','104452','2025-12-31',3126,2,6,'','2022-04-05 13:52:14','2022-04-10 13:42:55',103,NULL),(130,1,'NAC20094','99429','2022-09-30',848,32,32,'','2022-04-05 13:55:50','2022-04-05 13:55:50',99,NULL),(131,1,'20390636','101036','2024-02-06',1458,1,1,'','2022-04-05 14:01:12','2022-04-05 14:01:12',147,NULL),(132,1,'A05252103','6948498','2030-04-26',1900,8,8,'','2022-04-05 14:02:45','2022-04-05 14:02:45',106,NULL),(133,1,'20200305001','106415','2022-04-30',967,1,1,'','2022-04-05 14:06:54','2022-04-05 14:06:54',148,NULL),(134,1,'21033001','107252','2024-04-30',1116,0,3,'','2022-04-05 14:09:15','2022-04-10 13:15:48',91,NULL),(135,1,'NAC21062','109980','2023-04-09',1170,2,2,'','2022-04-05 14:13:09','2022-04-05 14:13:09',149,NULL),(136,1,'6456','102619','2023-04-27',967,0,1,'','2022-04-05 14:16:31','2022-04-06 19:05:05',150,NULL),(137,1,'64+','59985','2022-10-29',2350,8,8,'','2022-04-05 14:21:35','2022-04-05 14:21:35',151,NULL),(138,1,'2658','2656','2023-04-20',1600,3,3,'','2022-04-05 14:26:55','2022-04-05 14:26:55',152,NULL),(139,1,'Pcs2021315','65512','2023-04-12',1550,2,4,'','2022-04-05 14:52:34','2022-04-06 08:23:29',154,NULL),(140,1,'Vai202105vhap','65456','2023-04-15',366,9,10,'','2022-04-05 14:56:36','2022-04-10 12:47:49',153,NULL),(141,1,'PCS-2021316','492','2024-04-30',1400,6,6,'','2022-04-05 15:01:59','2022-04-07 09:46:41',155,NULL),(142,1,'007-21-EMA','915','2023-04-30',330,7,7,'','2022-04-05 15:04:09','2022-04-05 15:04:09',156,NULL),(143,2,'007-21-EMA','915','2023-04-30',330,7,7,'','2022-04-05 15:04:09','2022-04-05 15:04:09',156,NULL),(144,1,'2685456','656655','2022-05-20',700,1,1,'','2022-04-05 15:46:14','2022-04-05 15:46:14',157,NULL),(145,1,'11003155','68476','2023-03-31',882,42,42,'','2022-04-05 15:55:48','2022-04-05 15:55:48',162,NULL),(146,1,'SG20210325','6468465','2023-04-07',370,22,28,'','2022-04-05 16:05:16','2022-04-07 09:06:17',163,NULL),(147,1,'EQ06005428','64541365','2022-06-25',772,2,2,'NET RETE','2022-04-05 16:15:56','2022-04-05 16:15:56',77,NULL),(148,1,'345645','345465','2023-04-08',814.8,43,43,'','2022-04-05 16:17:53','2022-04-05 16:56:32',76,NULL),(149,1,'PT30004247','654656','2023-11-30',1344,14,14,'EX','2022-04-05 16:21:20','2022-04-05 16:21:20',83,NULL),(150,1,'PVL1000655','87C7127379','2023-04-30',2288,82,82,'YE prodact tasleem jamalpur gya hoya hai','2022-04-05 16:28:11','2022-04-05 16:28:11',164,NULL),(151,1,'P141002724','87C7125913','2023-08-31',2486.4,33,36,'ye prodact bobi ko gya hoya hai','2022-04-05 16:31:27','2022-04-10 12:34:47',79,NULL),(152,1,'P143002742','645365456','2022-06-30',1235,3,8,'','2022-04-05 16:34:50','2022-04-10 21:19:36',78,NULL),(153,1,'EDFL058644','87C7104156','2022-12-31',598.6,293,304,'','2022-04-05 16:37:14','2022-04-10 13:41:49',81,NULL),(154,1,'PQ21060015','87C7122892','2023-06-30',571.2,126,126,'','2022-04-05 16:42:08','2022-04-05 16:42:08',85,NULL),(155,1,'EM4L030962','87C7108435','2022-12-31',1092,70,97,'','2022-04-05 16:45:11','2022-04-10 21:09:37',75,NULL),(156,1,'EFKE003815','87C7108435','2022-09-30',1150.8,41,41,'','2022-04-05 16:50:56','2022-04-05 16:50:56',87,NULL),(157,2,'P141002724','87C7125913','2023-03-31',1260,191,191,'','2022-04-05 16:53:27','2022-04-10 21:19:36',78,NULL),(158,1,'Pl12003343','87C7122159','2023-01-31',1444,0,1,'','2022-04-05 16:55:43','2022-04-06 15:00:02',86,NULL),(159,2,'Pl43002668','654365468','2022-03-31',2441,10,10,'','2022-04-05 16:58:14','2022-04-05 16:58:14',79,NULL),(160,1,'NAC19032','93741','2023-04-08',889.13,40,40,'ye prodact chstyan gya hoya hai c/o javed ismail','2022-04-05 18:03:16','2022-04-05 18:03:16',165,NULL),(161,2,'NAC19048','94980','2023-04-13',1003.97,26,26,'ye prodact tasleem jamalpur gaye hoya hai','2022-04-05 18:06:07','2022-04-05 18:06:07',16,NULL),(162,2,'NAC19155','97642','2023-04-06',1322.22,16,16,'ye prodact hasilpur gaya hai c/o javed ismael','2022-04-05 18:11:51','2022-04-05 18:11:51',149,NULL),(163,2,'S124653052','93440','2024-04-24',830.17,20,20,'ye prodact taslem jamalpur gaya hai ','2022-04-05 18:16:03','2022-04-05 18:16:03',97,NULL),(164,1,'3554','68445','2028-04-21',184.21,25,35,'Abid wanjara','2022-04-06 07:45:46','2022-04-06 16:08:01',134,NULL),(165,1,'68476','6767','2028-04-30',400,22,22,'Mushtaq khan','2022-04-06 07:48:46','2022-04-06 07:48:46',136,NULL),(166,1,'135456','9889','2027-04-16',935,14,14,'Tarzan','2022-04-06 07:49:56','2022-04-06 07:49:56',135,NULL),(167,1,'3456','68956','2026-04-09',250,35,35,'EEG','2022-04-06 07:54:55','2022-04-06 07:54:55',137,NULL),(168,1,'628546','9+87','2028-04-07',250,40,40,'ECG','2022-04-06 07:55:41','2022-04-06 07:55:41',138,NULL),(169,2,'234565','545446','2023-04-10',240,7,7,'','2022-04-06 11:51:48','2022-04-06 11:51:48',130,NULL),(170,1,'34545','5656','2022-06-17',1187,0,5,'','2022-04-06 13:22:14','2022-04-06 15:52:52',159,NULL),(171,1,'3565465','+96645','2022-07-28',1350,1,2,'','2022-04-06 16:16:53','2022-04-06 16:18:44',158,NULL),(172,2,'354','656+5','2023-04-05',948,0,1,'','2022-04-06 19:38:16','2022-04-06 19:41:17',105,NULL),(173,1,'PM-06021','10001401','0001-01-01',15500,0,1,'','2022-04-10 13:06:09','2022-04-10 13:08:06',166,6),(174,1,'GG-2022-701','2103000276','0001-01-01',1140,104,108,'','2022-04-10 13:33:28','2022-04-10 13:44:13',167,7),(175,2,'S-8-1/22','10001402','0001-01-01',375,100,100,'','2022-04-10 14:09:12','2022-04-10 14:09:12',127,8),(176,1,'PM-06021','10001402','0001-01-01',1350,50,50,'','2022-04-10 14:09:12','2022-04-10 14:09:12',168,8),(177,2,'AMPL-2022lLUF','10001402','0001-01-01',375,100,100,'','2022-04-10 14:09:12','2022-04-10 14:09:12',121,8),(178,2,'E-20-1/22','10001402','0001-01-01',375,100,100,'','2022-04-10 14:09:12','2022-04-10 14:09:12',126,8),(179,1,'RF19RFA1988','10001406','0001-01-01',1150,24,24,'','2022-04-10 14:16:25','2022-04-10 14:16:25',169,9),(180,1,'E-13-6/21','10001406','0001-01-01',960,24,24,'','2022-04-10 14:16:25','2022-04-10 14:16:25',170,9),(181,1,'S-1-3/22','10001471','0001-01-01',635,20,20,'','2022-04-10 14:20:00','2022-04-10 14:20:00',171,10),(182,2,'AQB21','87A7211038','0001-01-01',709.5,240,240,'','2022-04-10 14:35:28','2022-04-10 14:35:28',72,11),(183,1,'PAIS008753','87A7211038','0001-01-01',1167.6,400,400,'','2022-04-10 14:35:28','2022-04-10 14:35:28',89,11),(184,2,'EFlT002140','87A7211038','0001-01-01',814.8,300,300,'','2022-04-10 14:35:28','2022-04-10 14:35:28',76,11),(185,1,'PAIS008096','87A7211038','0001-01-01',1638,120,120,'','2022-04-10 14:35:28','2022-04-10 14:35:28',73,11),(186,2,'EQ19001305','87A7211038','0001-01-01',844.2,400,400,'','2022-04-10 14:35:28','2022-04-10 14:35:28',77,11);
/*!40000 ALTER TABLE `productstocks` ENABLE KEYS */;
UNLOCK TABLES;

--
-- Table structure for table `purchases`
--

DROP TABLE IF EXISTS `purchases`;
/*!40101 SET @saved_cs_client     = @@character_set_client */;
/*!40101 SET character_set_client = utf8 */;
CREATE TABLE `purchases` (
  `id` int(11) NOT NULL AUTO_INCREMENT,
  `invoiceNumber` varchar(255) DEFAULT NULL,
  `purchaseType` int(11) DEFAULT NULL,
  `invoiceDate` date DEFAULT NULL,
  `notes` varchar(255) DEFAULT NULL,
  `totalAmount` float DEFAULT NULL,
  `createdAt` datetime NOT NULL,
  `updatedAt` datetime NOT NULL,
  `contactId` int(11) DEFAULT NULL,
  `companyId` int(11) DEFAULT NULL,
  PRIMARY KEY (`id`),
  KEY `contactId` (`contactId`),
  KEY `companyId` (`companyId`),
  CONSTRAINT `purchases_ibfk_1` FOREIGN KEY (`contactId`) REFERENCES `contacts` (`id`) ON DELETE SET NULL ON UPDATE CASCADE,
  CONSTRAINT `purchases_ibfk_2` FOREIGN KEY (`companyId`) REFERENCES `companies` (`id`) ON DELETE SET NULL ON UPDATE CASCADE
) ENGINE=InnoDB AUTO_INCREMENT=12 DEFAULT CHARSET=utf8;
/*!40101 SET character_set_client = @saved_cs_client */;

--
-- Dumping data for table `purchases`
--

LOCK TABLES `purchases` WRITE;
/*!40000 ALTER TABLE `purchases` DISABLE KEYS */;
INSERT INTO `purchases` VALUES (1,'1',0,'2022-04-02','',40000,'2022-04-02 15:13:25','2022-04-02 15:13:25',72,7),(2,'2103000265',0,'2022-04-02','',21920,'2022-04-04 15:17:53','2022-04-04 15:17:53',73,12),(3,'2103000266',1,'2022-04-02','',23800,'2022-04-04 15:21:56','2022-04-04 15:21:56',73,12),(4,'2103000266',1,'2022-04-02','',16800,'2022-04-04 15:25:08','2022-04-04 15:25:08',73,12),(5,'2103000272',1,'2022-04-04','',22800,'2022-04-04 15:30:21','2022-04-04 15:30:21',73,12),(6,'10001401',3,'2022-04-07','',15500,'2022-04-10 13:06:09','2022-04-10 13:06:09',94,2),(7,'2103000276',0,'2022-04-05','',123120,'2022-04-10 13:33:28','2022-04-10 13:33:28',73,12),(8,'10001402',3,'2022-04-07','',180000,'2022-04-10 14:09:12','2022-04-10 14:09:12',94,2),(9,'10001406',3,'2022-04-07','',50640,'2022-04-10 14:16:25','2022-04-10 14:16:25',94,2),(10,'10001471',3,'2022-04-09','',12700,'2022-04-10 14:20:00','2022-04-10 14:20:00',94,2),(11,'87A7211038',0,'2022-04-08','',1416000,'2022-04-10 14:35:28','2022-04-10 14:35:28',96,14);
/*!40000 ALTER TABLE `purchases` ENABLE KEYS */;
UNLOCK TABLES;

--
-- Table structure for table `recoveries`
--

DROP TABLE IF EXISTS `recoveries`;
/*!40101 SET @saved_cs_client     = @@character_set_client */;
/*!40101 SET character_set_client = utf8 */;
CREATE TABLE `recoveries` (
  `id` int(11) NOT NULL AUTO_INCREMENT,
  `date` date DEFAULT NULL,
  `paymentType` varchar(255) DEFAULT NULL,
  `bookNumber` varchar(255) DEFAULT NULL,
  `billNumber` varchar(255) DEFAULT NULL,
  `amount` float DEFAULT NULL,
  `createdAt` datetime NOT NULL,
  `updatedAt` datetime NOT NULL,
  `contactId` int(11) DEFAULT NULL,
  `accountId` int(11) DEFAULT NULL,
  PRIMARY KEY (`id`),
  KEY `contactId` (`contactId`),
  KEY `accountId` (`accountId`),
  CONSTRAINT `recoveries_ibfk_1` FOREIGN KEY (`contactId`) REFERENCES `contacts` (`id`) ON DELETE SET NULL ON UPDATE CASCADE,
  CONSTRAINT `recoveries_ibfk_2` FOREIGN KEY (`accountId`) REFERENCES `accounts` (`id`) ON DELETE SET NULL ON UPDATE CASCADE
) ENGINE=InnoDB AUTO_INCREMENT=11 DEFAULT CHARSET=utf8;
/*!40101 SET character_set_client = @saved_cs_client */;

--
-- Dumping data for table `recoveries`
--

LOCK TABLES `recoveries` WRITE;
/*!40000 ALTER TABLE `recoveries` DISABLE KEYS */;
INSERT INTO `recoveries` VALUES (1,'2022-04-03','0','27','2638',37420,'2022-04-03 12:12:15','2022-04-03 12:12:15',55,1),(2,'2022-04-02','0','27','2627',8000,'2022-04-06 11:59:13','2022-04-06 11:59:13',7,1),(3,'2022-04-03','0','27','2635',50000,'2022-04-06 13:03:58','2022-04-06 13:03:58',30,1),(4,'2022-04-03','0','27','2651',30000,'2022-04-06 15:17:32','2022-04-06 15:17:32',4,1),(6,'2022-04-04','0','27','2664',7000,'2022-04-06 16:19:40','2022-04-06 16:19:40',15,1),(7,'2022-04-06','1','27','2683',20000,'2022-04-06 19:02:41','2022-04-06 19:02:41',60,79),(8,'2022-04-06','0','27','2692',1200,'2022-04-06 19:28:37','2022-04-06 19:28:37',62,1),(9,'2022-04-06','0','27','2697',13000,'2022-04-06 19:46:15','2022-04-06 19:46:15',15,1),(10,'2022-04-09','0','28','2727',43700,'2022-04-10 13:23:09','2022-04-10 13:23:09',38,1);
/*!40000 ALTER TABLE `recoveries` ENABLE KEYS */;
UNLOCK TABLES;

--
-- Table structure for table `saleitems`
--

DROP TABLE IF EXISTS `saleitems`;
/*!40101 SET @saved_cs_client     = @@character_set_client */;
/*!40101 SET character_set_client = utf8 */;
CREATE TABLE `saleitems` (
  `id` int(11) NOT NULL AUTO_INCREMENT,
  `salePrice` float DEFAULT NULL,
  `lotsUsedJson` text,
  `quantity` float DEFAULT NULL,
  `createdAt` datetime NOT NULL,
  `updatedAt` datetime NOT NULL,
  `productId` int(11) DEFAULT NULL,
  `saleId` int(11) DEFAULT NULL,
  PRIMARY KEY (`id`),
  KEY `productId` (`productId`),
  KEY `saleId` (`saleId`),
  CONSTRAINT `saleitems_ibfk_1` FOREIGN KEY (`productId`) REFERENCES `products` (`id`) ON DELETE SET NULL ON UPDATE CASCADE,
  CONSTRAINT `saleitems_ibfk_2` FOREIGN KEY (`saleId`) REFERENCES `sales` (`id`) ON DELETE SET NULL ON UPDATE CASCADE
) ENGINE=InnoDB AUTO_INCREMENT=343 DEFAULT CHARSET=utf8;
/*!40101 SET character_set_client = @saved_cs_client */;

--
-- Dumping data for table `saleitems`
--

LOCK TABLES `saleitems` WRITE;
/*!40000 ALTER TABLE `saleitems` DISABLE KEYS */;
INSERT INTO `saleitems` VALUES (1,840,'[{\"lotNumber\":1,\"quantity\":5}]',5,'2022-04-02 15:16:29','2022-04-02 15:16:29',1,1),(2,850,'[{\"lotNumber\":1,\"quantity\":7}]',7,'2022-04-05 09:06:20','2022-04-05 09:06:20',1,2),(3,700,'[{\"lotNumber\":1,\"quantity\":3}]',3,'2022-04-06 08:16:06','2022-04-06 08:16:06',2,3),(4,2400,'[{\"lotNumber\":1,\"quantity\":2}]',2,'2022-04-06 08:23:29','2022-04-06 08:23:29',154,4),(5,650,'[{\"lotNumber\":1,\"quantity\":1}]',1,'2022-04-06 08:24:30','2022-04-06 08:24:30',32,5),(6,650,'[{\"lotNumber\":1,\"quantity\":1}]',1,'2022-04-06 08:26:07','2022-04-06 08:26:07',26,6),(7,600,'[{\"lotNumber\":1,\"quantity\":1}]',1,'2022-04-06 08:26:07','2022-04-06 08:26:07',7,6),(8,1300,'[{\"lotNumber\":1,\"quantity\":1}]',1,'2022-04-06 08:29:41','2022-04-06 08:29:41',45,7),(9,550,'[{\"lotNumber\":1,\"quantity\":2}]',2,'2022-04-06 08:29:41','2022-04-06 08:29:41',109,7),(10,400,'[{\"lotNumber\":1,\"quantity\":1}]',1,'2022-04-06 08:29:41','2022-04-06 08:29:41',39,7),(11,1300,'[{\"lotNumber\":1,\"quantity\":1}]',1,'2022-04-06 08:38:54','2022-04-06 08:38:54',45,8),(12,300,'[{\"lotNumber\":1,\"quantity\":1}]',1,'2022-04-06 08:38:54','2022-04-06 08:38:54',108,8),(13,450,'[{\"lotNumber\":1,\"quantity\":2}]',2,'2022-04-06 08:38:54','2022-04-06 08:38:54',39,8),(14,450,'[{\"lotNumber\":1,\"quantity\":1}]',1,'2022-04-06 08:38:54','2022-04-06 08:38:55',40,8),(15,250,'[{\"lotNumber\":1,\"quantity\":9}]',9,'2022-04-06 08:45:57','2022-04-06 08:45:57',37,9),(16,2500,'[{\"lotNumber\":1,\"quantity\":2}]',2,'2022-04-06 08:45:57','2022-04-06 08:45:57',79,9),(17,650,'[{\"lotNumber\":1,\"quantity\":1}]',1,'2022-04-06 08:45:57','2022-04-06 08:45:57',26,9),(18,650,'[{\"lotNumber\":1,\"quantity\":1}]',1,'2022-04-06 08:45:57','2022-04-06 08:45:57',27,9),(19,950,'[{\"lotNumber\":1,\"quantity\":1}]',1,'2022-04-06 08:45:57','2022-04-06 08:45:57',36,9),(20,600,'[{\"lotNumber\":1,\"quantity\":10}]',10,'2022-04-06 08:47:53','2022-04-06 08:47:53',60,10),(21,2200,'[{\"lotNumber\":1,\"quantity\":1}]',1,'2022-04-06 08:52:35','2022-04-06 08:52:35',113,11),(22,400,'[{\"lotNumber\":1,\"quantity\":1}]',1,'2022-04-06 08:52:35','2022-04-06 08:52:35',129,11),(23,300,'[{\"lotNumber\":1,\"quantity\":1}]',1,'2022-04-06 09:18:52','2022-04-06 09:18:52',108,12),(24,1250,'[{\"lotNumber\":1,\"quantity\":3}]',3,'2022-04-06 09:18:52','2022-04-06 09:18:52',105,12),(25,650,'[{\"lotNumber\":1,\"quantity\":1}]',1,'2022-04-06 09:18:52','2022-04-06 09:18:52',26,12),(26,650,'[{\"lotNumber\":1,\"quantity\":1}]',1,'2022-04-06 09:18:52','2022-04-06 09:18:52',27,12),(27,875,'[{\"lotNumber\":1,\"quantity\":2}]',2,'2022-04-06 09:18:52','2022-04-06 09:18:52',43,12),(28,1200,'[{\"lotNumber\":1,\"quantity\":1}]',1,'2022-04-06 10:22:07','2022-04-06 10:22:07',125,13),(29,1100,'[{\"lotNumber\":1,\"quantity\":1}]',1,'2022-04-06 10:22:07','2022-04-06 10:22:07',120,13),(30,475,'[{\"lotNumber\":1,\"quantity\":1}]',1,'2022-04-06 10:22:07','2022-04-06 10:22:07',127,13),(31,500,'[{\"lotNumber\":1,\"quantity\":4}]',4,'2022-04-06 10:38:47','2022-04-06 10:38:47',40,14),(32,450,'[{\"lotNumber\":1,\"quantity\":4}]',4,'2022-04-06 10:38:47','2022-04-06 10:38:47',39,14),(33,250,'[{\"lotNumber\":1,\"quantity\":4}]',4,'2022-04-06 10:38:47','2022-04-06 10:38:47',37,14),(34,1400,'[{\"lotNumber\":1,\"quantity\":1}]',1,'2022-04-06 10:38:47','2022-04-06 10:38:47',29,14),(35,1400,'[{\"lotNumber\":1,\"quantity\":1}]',1,'2022-04-06 10:38:47','2022-04-06 10:38:47',70,14),(36,1400,'[{\"lotNumber\":1,\"quantity\":1}]',1,'2022-04-06 10:42:50','2022-04-06 10:42:50',70,15),(37,1400,'[{\"lotNumber\":1,\"quantity\":1}]',1,'2022-04-06 10:42:50','2022-04-06 10:42:50',29,15),(38,950,'[{\"lotNumber\":1,\"quantity\":2}]',2,'2022-04-06 10:50:08','2022-04-06 10:50:08',1,16),(39,1300,'[{\"lotNumber\":1,\"quantity\":1}]',1,'2022-04-06 10:52:11','2022-04-06 10:52:11',45,17),(40,1300,'[{\"lotNumber\":1,\"quantity\":1}]',1,'2022-04-06 10:58:23','2022-04-06 10:58:23',133,18),(41,600,'[{\"lotNumber\":1,\"quantity\":1}]',1,'2022-04-06 10:58:23','2022-04-06 10:58:23',127,18),(42,1300,'[{\"lotNumber\":1,\"quantity\":2}]',2,'2022-04-06 10:58:23','2022-04-06 10:58:23',45,18),(43,1350,'[{\"lotNumber\":1,\"quantity\":2}]',2,'2022-04-06 11:09:23','2022-04-06 11:09:23',70,19),(44,1350,'[{\"lotNumber\":1,\"quantity\":1}]',1,'2022-04-06 11:09:23','2022-04-06 11:09:23',29,19),(45,600,'[{\"lotNumber\":1,\"quantity\":1}]',1,'2022-04-06 11:09:23','2022-04-06 11:09:23',27,19),(46,300,'[{\"lotNumber\":1,\"quantity\":2}]',2,'2022-04-06 11:09:23','2022-04-06 11:09:23',37,19),(47,500,'[{\"lotNumber\":1,\"quantity\":2}]',2,'2022-04-06 11:09:23','2022-04-06 11:09:23',40,19),(48,300,'[{\"lotNumber\":1,\"quantity\":1}]',1,'2022-04-06 11:09:23','2022-04-06 11:09:23',46,19),(49,700,'[{\"lotNumber\":1,\"quantity\":2}]',2,'2022-04-06 11:09:23','2022-04-06 11:09:23',48,19),(50,1000,'[{\"lotNumber\":1,\"quantity\":1}]',1,'2022-04-06 11:09:23','2022-04-06 11:09:23',68,19),(51,350,'[{\"lotNumber\":1,\"quantity\":2}]',2,'2022-04-06 11:09:23','2022-04-06 11:09:23',130,19),(52,300,'[{\"lotNumber\":1,\"quantity\":1}]',1,'2022-04-06 11:21:59','2022-04-06 11:21:59',46,20),(53,500,'[{\"lotNumber\":1,\"quantity\":5}]',5,'2022-04-06 11:21:59','2022-04-06 11:21:59',40,20),(54,350,'[{\"lotNumber\":1,\"quantity\":4}]',4,'2022-04-06 11:21:59','2022-04-06 11:21:59',130,20),(55,700,'[{\"lotNumber\":1,\"quantity\":1}]',1,'2022-04-06 11:21:59','2022-04-06 11:21:59',48,20),(56,350,'[{\"lotNumber\":1,\"quantity\":1}]',1,'2022-04-06 11:21:59','2022-04-06 11:21:59',31,20),(57,1000,'[{\"lotNumber\":1,\"quantity\":1}]',1,'2022-04-06 11:21:59','2022-04-06 11:21:59',42,20),(58,650,'[{\"lotNumber\":1,\"quantity\":3}]',3,'2022-04-06 11:21:59','2022-04-06 11:21:59',55,20),(59,550,'[{\"lotNumber\":1,\"quantity\":1}]',1,'2022-04-06 11:24:22','2022-04-06 11:24:22',109,21),(60,300,'[{\"lotNumber\":1,\"quantity\":1}]',1,'2022-04-06 11:24:22','2022-04-06 11:24:22',108,21),(61,800,'[{\"lotNumber\":1,\"quantity\":1}]',1,'2022-04-06 11:24:22','2022-04-06 11:24:22',94,21),(62,650,'[{\"lotNumber\":1,\"quantity\":1}]',1,'2022-04-06 11:28:13','2022-04-06 11:28:13',26,22),(63,650,'[{\"lotNumber\":1,\"quantity\":1}]',1,'2022-04-06 11:28:13','2022-04-06 11:28:13',27,22),(64,400,'[{\"lotNumber\":1,\"quantity\":1}]',1,'2022-04-06 11:28:13','2022-04-06 11:28:13',130,22),(65,800,'[{\"lotNumber\":1,\"quantity\":1}]',1,'2022-04-06 11:31:56','2022-04-06 11:31:56',94,23),(66,350,'[{\"lotNumber\":1,\"quantity\":1}]',1,'2022-04-06 11:35:01','2022-04-06 11:35:01',31,24),(67,350,'[{\"lotNumber\":1,\"quantity\":1}]',1,'2022-04-06 11:35:01','2022-04-06 11:35:01',28,24),(68,450,'[{\"lotNumber\":1,\"quantity\":1}]',1,'2022-04-06 11:35:01','2022-04-06 11:35:01',39,24),(69,800,'[{\"lotNumber\":1,\"quantity\":1}]',1,'2022-04-06 11:55:23','2022-04-06 11:55:23',94,25),(70,500,'[{\"lotNumber\":1,\"quantity\":1}]',1,'2022-04-06 11:55:23','2022-04-06 11:55:23',109,25),(71,300,'[{\"lotNumber\":1,\"quantity\":1}]',1,'2022-04-06 11:55:23','2022-04-06 11:55:23',108,25),(72,250,'[{\"lotNumber\":1,\"quantity\":1}]',1,'2022-04-06 11:55:23','2022-04-06 11:55:23',37,25),(73,1300,'[{\"lotNumber\":1,\"quantity\":1}]',1,'2022-04-06 11:57:11','2022-04-06 11:57:11',29,26),(74,1300,'[{\"lotNumber\":1,\"quantity\":1}]',1,'2022-04-06 11:57:12','2022-04-06 11:57:12',70,26),(75,800,'[{\"lotNumber\":1,\"quantity\":2}]',2,'2022-04-06 11:58:20','2022-04-06 11:58:20',107,27),(76,500,'[{\"lotNumber\":1,\"quantity\":1}]',1,'2022-04-06 12:02:43','2022-04-06 12:02:43',40,28),(77,450,'[{\"lotNumber\":1,\"quantity\":1}]',1,'2022-04-06 12:02:43','2022-04-06 12:02:43',39,28),(78,450,'[{\"lotNumber\":1,\"quantity\":2}]',2,'2022-04-06 12:07:57','2022-04-06 12:07:57',119,29),(79,300,'[{\"lotNumber\":1,\"quantity\":2}]',2,'2022-04-06 12:07:57','2022-04-06 12:07:57',37,29),(80,550,'[{\"lotNumber\":1,\"quantity\":4}]',4,'2022-04-06 12:14:40','2022-04-06 12:14:40',109,30),(81,600,'[{\"lotNumber\":1,\"quantity\":6}]',6,'2022-04-06 12:14:40','2022-04-06 12:14:40',95,30),(82,950,'[{\"lotNumber\":1,\"quantity\":10}]',10,'2022-04-06 12:20:53','2022-04-06 12:20:53',36,31),(83,1400,'[{\"lotNumber\":1,\"quantity\":5}]',5,'2022-04-06 12:20:53','2022-04-06 12:20:53',29,31),(84,550,'[{\"lotNumber\":1,\"quantity\":2}]',2,'2022-04-06 12:20:53','2022-04-06 12:20:53',109,31),(85,550,'[{\"lotNumber\":1,\"quantity\":1}]',1,'2022-04-06 12:54:13','2022-04-06 12:54:13',126,32),(86,500,'[{\"lotNumber\":1,\"quantity\":1}]',1,'2022-04-06 12:54:13','2022-04-06 12:54:13',121,32),(87,430,'[{\"lotNumber\":1,\"quantity\":4}]',4,'2022-04-06 12:54:13','2022-04-06 12:54:13',140,32),(88,1300,'[{\"lotNumber\":1,\"quantity\":4}]',4,'2022-04-06 12:58:40','2022-04-06 12:58:40',70,33),(89,1300,'[{\"lotNumber\":1,\"quantity\":4}]',4,'2022-04-06 12:58:40','2022-04-06 12:58:40',29,33),(90,650,'[{\"lotNumber\":1,\"quantity\":1}]',1,'2022-04-06 12:58:40','2022-04-06 12:58:40',26,33),(91,650,'[{\"lotNumber\":1,\"quantity\":1}]',1,'2022-04-06 12:58:40','2022-04-06 12:58:40',27,33),(92,750,'[{\"lotNumber\":1,\"quantity\":1}]',1,'2022-04-06 13:02:36','2022-04-06 13:02:36',94,34),(93,550,'[{\"lotNumber\":1,\"quantity\":1}]',1,'2022-04-06 13:02:36','2022-04-06 13:02:36',109,34),(94,1250,'[{\"lotNumber\":1,\"quantity\":1}]',1,'2022-04-06 13:02:36','2022-04-06 13:02:36',105,34),(95,650,'[{\"lotNumber\":1,\"quantity\":1}]',1,'2022-04-06 13:02:36','2022-04-06 13:02:36',32,34),(96,500,'[{\"lotNumber\":1,\"quantity\":3}]',3,'2022-04-06 13:08:25','2022-04-06 13:08:25',127,35),(97,1100,'[{\"lotNumber\":1,\"quantity\":2}]',2,'2022-04-06 13:08:25','2022-04-06 13:08:25',105,35),(98,7600,'[{\"lotNumber\":1,\"quantity\":1}]',1,'2022-04-06 13:09:46','2022-04-06 13:09:46',146,36),(99,1300,'[{\"lotNumber\":1,\"quantity\":2}]',2,'2022-04-06 13:14:47','2022-04-06 13:14:47',105,37),(101,600,'[{\"lotNumber\":1,\"quantity\":1}]',1,'2022-04-06 13:16:27','2022-04-06 13:16:27',121,39),(102,600,'[{\"lotNumber\":1,\"quantity\":1}]',1,'2022-04-06 13:16:27','2022-04-06 13:16:27',126,39),(103,400,'[{\"lotNumber\":1,\"quantity\":1}]',1,'2022-04-06 13:16:27','2022-04-06 13:16:27',129,39),(104,600,'[{\"lotNumber\":1,\"quantity\":2}]',2,'2022-04-06 13:18:14','2022-04-06 13:18:14',95,40),(105,1300,'[{\"lotNumber\":1,\"quantity\":2}]',2,'2022-04-06 13:30:06','2022-04-06 13:30:06',159,41),(106,1300,'[{\"lotNumber\":1,\"quantity\":2}]',2,'2022-04-06 13:30:07','2022-04-06 13:30:07',159,42),(107,1900,'[{\"lotNumber\":1,\"quantity\":1}]',1,'2022-04-06 13:30:07','2022-04-06 13:30:07',100,41),(108,1900,'[{\"lotNumber\":1,\"quantity\":1}]',1,'2022-04-06 13:30:07','2022-04-06 13:30:07',100,42),(109,600,'[{\"lotNumber\":1,\"quantity\":2}]',2,'2022-04-06 13:30:07','2022-04-06 13:30:07',95,41),(110,600,'[{\"lotNumber\":1,\"quantity\":2}]',2,'2022-04-06 13:30:07','2022-04-06 13:30:07',95,42),(111,800,'[{\"lotNumber\":1,\"quantity\":1}]',1,'2022-04-06 13:30:07','2022-04-06 13:30:07',107,41),(112,800,'[{\"lotNumber\":1,\"quantity\":1}]',1,'2022-04-06 13:30:07','2022-04-06 13:30:07',107,42),(113,1100,'[{\"lotNumber\":1,\"quantity\":2}]',2,'2022-04-06 14:53:40','2022-04-06 14:53:40',75,43),(114,300,'[{\"lotNumber\":1,\"quantity\":2}]',2,'2022-04-06 14:56:54','2022-04-06 14:56:54',37,44),(115,600,'[{\"lotNumber\":1,\"quantity\":2}]',2,'2022-04-06 14:56:54','2022-04-06 14:56:54',95,44),(116,1600,'[{\"lotNumber\":1,\"quantity\":1}]',1,'2022-04-06 15:00:02','2022-04-06 15:00:02',86,45),(117,600,'[{\"lotNumber\":1,\"quantity\":3}]',3,'2022-04-06 15:12:29','2022-04-06 15:12:29',95,46),(118,1200,'[{\"lotNumber\":1,\"quantity\":3}]',3,'2022-04-06 15:12:29','2022-04-06 15:12:29',105,46),(119,250,'[{\"lotNumber\":1,\"quantity\":1}]',1,'2022-04-06 15:12:29','2022-04-06 15:12:29',37,46),(120,500,'[{\"lotNumber\":1,\"quantity\":1}]',1,'2022-04-06 15:16:48','2022-04-06 15:16:48',39,47),(121,300,'[{\"lotNumber\":1,\"quantity\":1}]',1,'2022-04-06 15:16:48','2022-04-06 15:16:48',31,47),(122,750,'[{\"lotNumber\":1,\"quantity\":3}]',3,'2022-04-06 15:16:48','2022-04-06 15:16:48',123,47),(123,750,'[{\"lotNumber\":1,\"quantity\":1}]',1,'2022-04-06 15:16:48','2022-04-06 15:16:48',9,47),(124,2200,'[{\"lotNumber\":1,\"quantity\":2}]',2,'2022-04-06 15:21:40','2022-04-06 15:21:40',155,48),(126,2400,'[{\"lotNumber\":1,\"quantity\":1}]',1,'2022-04-06 15:21:40','2022-04-06 15:21:40',79,48),(130,1200,'[{\"lotNumber\":1,\"quantity\":2}]',2,'2022-04-06 15:24:26','2022-04-06 15:24:26',29,51),(131,1350,'[{\"lotNumber\":1,\"quantity\":2}]',2,'2022-04-06 15:24:26','2022-04-06 15:24:26',70,51),(132,1350,'[{\"lotNumber\":1,\"quantity\":1}]',1,'2022-04-06 15:26:04','2022-04-06 15:26:04',78,52),(133,650,'[{\"lotNumber\":1,\"quantity\":1}]',1,'2022-04-06 15:26:04','2022-04-06 15:26:04',26,52),(134,450,'[{\"lotNumber\":1,\"quantity\":1}]',1,'2022-04-06 15:30:44','2022-04-06 15:30:44',39,53),(135,300,'[{\"lotNumber\":1,\"quantity\":1}]',1,'2022-04-06 15:30:44','2022-04-06 15:30:44',37,53),(136,1150,'[{\"lotNumber\":1,\"quantity\":4}]',4,'2022-04-06 15:40:14','2022-04-06 15:40:14',75,54),(137,650,'[{\"lotNumber\":1,\"quantity\":2}]',2,'2022-04-06 15:40:14','2022-04-06 15:40:14',81,54),(138,650,'[{\"lotNumber\":1,\"quantity\":4}]',4,'2022-04-06 15:40:14','2022-04-06 15:40:14',95,54),(139,1000,'[{\"lotNumber\":1,\"quantity\":1}]',1,'2022-04-06 15:40:14','2022-04-06 15:40:14',97,54),(140,900,'[{\"lotNumber\":1,\"quantity\":2}]',2,'2022-04-06 15:40:14','2022-04-06 15:40:14',122,54),(141,1800,'[{\"lotNumber\":1,\"quantity\":1}]',1,'2022-04-06 15:40:14','2022-04-06 15:40:14',33,54),(142,1000,'[{\"lotNumber\":1,\"quantity\":2}]',2,'2022-04-06 15:40:14','2022-04-06 15:40:14',68,54),(143,500,'[{\"lotNumber\":1,\"quantity\":2}]',2,'2022-04-06 15:40:14','2022-04-06 15:40:14',40,54),(144,1000,'[{\"lotNumber\":1,\"quantity\":5}]',5,'2022-04-06 15:42:25','2022-04-06 15:42:25',42,55),(145,650,'[{\"lotNumber\":1,\"quantity\":5}]',5,'2022-04-06 15:42:25','2022-04-06 15:42:25',95,55),(146,1300,'[{\"lotNumber\":1,\"quantity\":1}]',1,'2022-04-06 15:52:52','2022-04-06 15:52:52',159,56),(147,1150,'[{\"lotNumber\":1,\"quantity\":1}]',1,'2022-04-06 15:52:52','2022-04-06 15:52:52',75,56),(148,650,'[{\"lotNumber\":1,\"quantity\":1}]',1,'2022-04-06 15:52:53','2022-04-06 15:52:53',95,56),(149,950,'[{\"lotNumber\":1,\"quantity\":1}]',1,'2022-04-06 16:08:01','2022-04-06 16:08:01',34,57),(150,1000,'[{\"lotNumber\":1,\"quantity\":1}]',1,'2022-04-06 16:08:01','2022-04-06 16:08:01',42,57),(151,1150,'[{\"lotNumber\":1,\"quantity\":3}]',3,'2022-04-06 16:08:01','2022-04-06 16:08:01',75,57),(152,650,'[{\"lotNumber\":1,\"quantity\":2}]',2,'2022-04-06 16:08:01','2022-04-06 16:08:01',95,57),(153,1100,'[{\"lotNumber\":1,\"quantity\":1}]',1,'2022-04-06 16:08:01','2022-04-06 16:08:01',131,57),(154,600,'[{\"lotNumber\":1,\"quantity\":10}]',10,'2022-04-06 16:08:01','2022-04-06 16:08:01',134,57),(155,650,'[{\"lotNumber\":1,\"quantity\":1}]',1,'2022-04-06 16:12:32','2022-04-06 16:12:32',81,58),(156,300,'[{\"lotNumber\":1,\"quantity\":1}]',1,'2022-04-06 16:12:32','2022-04-06 16:12:32',37,58),(157,600,'[{\"lotNumber\":1,\"quantity\":1}]',1,'2022-04-06 16:14:24','2022-04-06 16:14:24',121,59),(158,450,'[{\"lotNumber\":1,\"quantity\":1}]',1,'2022-04-06 16:14:24','2022-04-06 16:14:24',119,59),(161,1600,'[{\"lotNumber\":1,\"quantity\":1}]',1,'2022-04-06 16:18:44','2022-04-06 16:18:44',158,61),(162,1000,'[{\"lotNumber\":1,\"quantity\":2}]',2,'2022-04-06 16:18:44','2022-04-06 16:18:44',42,61),(163,515,'[{\"lotNumber\":1,\"quantity\":25}]',25,'2022-04-06 16:23:07','2022-04-06 16:23:07',60,62),(164,12500,'[{\"lotNumber\":1,\"quantity\":1}]',1,'2022-04-06 16:23:07','2022-04-06 16:23:07',50,62),(165,1400,'[{\"lotNumber\":1,\"quantity\":1}]',1,'2022-04-06 16:28:55','2022-04-06 16:28:55',29,63),(166,1400,'[{\"lotNumber\":1,\"quantity\":1}]',1,'2022-04-06 16:28:55','2022-04-06 16:28:55',70,63),(167,1800,'[{\"lotNumber\":1,\"quantity\":1}]',1,'2022-04-06 16:28:55','2022-04-06 16:28:55',33,63),(168,800,'[{\"lotNumber\":1,\"quantity\":1}]',1,'2022-04-06 16:28:55','2022-04-06 16:28:55',107,63),(169,950,'[{\"lotNumber\":1,\"quantity\":1}]',1,'2022-04-06 16:36:53','2022-04-06 16:36:53',34,64),(170,700,'[{\"lotNumber\":1,\"quantity\":1}]',1,'2022-04-06 16:36:53','2022-04-06 16:36:53',4,64),(171,600,'[{\"lotNumber\":1,\"quantity\":1}]',1,'2022-04-06 16:36:53','2022-04-06 16:36:53',32,64),(172,1000,'[{\"lotNumber\":1,\"quantity\":1}]',1,'2022-04-06 16:36:53','2022-04-06 16:36:53',131,64),(173,1100,'[{\"lotNumber\":1,\"quantity\":1}]',1,'2022-04-06 17:17:08','2022-04-06 17:17:08',131,65),(174,1200,'[{\"lotNumber\":1,\"quantity\":1}]',1,'2022-04-06 17:17:08','2022-04-06 17:17:08',120,65),(175,600,'[{\"lotNumber\":1,\"quantity\":1}]',1,'2022-04-06 17:19:41','2022-04-06 17:19:41',121,66),(176,450,'[{\"lotNumber\":1,\"quantity\":1}]',1,'2022-04-06 17:19:41','2022-04-06 17:19:41',119,66),(177,700,'[{\"lotNumber\":1,\"quantity\":3}]',3,'2022-04-06 17:20:47','2022-04-06 17:20:47',9,67),(178,1300,'[{\"lotNumber\":1,\"quantity\":12}]',12,'2022-04-06 17:23:12','2022-04-06 17:23:12',105,68),(179,600,'[{\"lotNumber\":1,\"quantity\":1}]',1,'2022-04-06 17:38:31','2022-04-06 17:38:31',121,69),(180,600,'[{\"lotNumber\":1,\"quantity\":1}]',1,'2022-04-06 17:38:32','2022-04-06 17:38:32',132,69),(181,1000,'[{\"lotNumber\":1,\"quantity\":1}]',1,'2022-04-06 17:38:32','2022-04-06 17:38:32',145,69),(182,450,'[{\"lotNumber\":1,\"quantity\":1}]',1,'2022-04-06 17:38:32','2022-04-06 17:38:32',119,69),(183,1300,'[{\"lotNumber\":1,\"quantity\":12}]',12,'2022-04-06 17:41:52','2022-04-06 17:41:52',105,70),(184,650,'[{\"lotNumber\":1,\"quantity\":1}]',1,'2022-04-06 17:52:15','2022-04-06 17:52:15',26,71),(185,650,'[{\"lotNumber\":1,\"quantity\":1}]',1,'2022-04-06 17:52:15','2022-04-06 17:52:15',27,71),(186,600,'[{\"lotNumber\":1,\"quantity\":1}]',1,'2022-04-06 17:58:10','2022-04-06 17:58:10',60,72),(187,600,'[{\"lotNumber\":1,\"quantity\":5}]',5,'2022-04-06 18:06:43','2022-04-06 18:06:43',60,73),(189,450,'[{\"lotNumber\":1,\"quantity\":2}]',2,'2022-04-06 18:12:47','2022-04-06 18:12:47',39,75),(190,450,'[{\"lotNumber\":1,\"quantity\":1}]',1,'2022-04-06 18:29:06','2022-04-06 18:29:06',39,76),(191,650,'[{\"lotNumber\":1,\"quantity\":1}]',1,'2022-04-06 18:29:06','2022-04-06 18:29:06',32,76),(192,950,'[{\"lotNumber\":1,\"quantity\":1}]',1,'2022-04-06 18:44:14','2022-04-06 18:44:14',36,77),(193,650,'[{\"lotNumber\":1,\"quantity\":1}]',1,'2022-04-06 18:44:14','2022-04-06 18:44:14',26,77),(194,400,'[{\"lotNumber\":1,\"quantity\":1}]',1,'2022-04-06 18:44:14','2022-04-06 18:44:14',129,77),(198,550,'[{\"lotNumber\":1,\"quantity\":2}]',2,'2022-04-06 18:49:19','2022-04-06 18:49:19',109,79),(199,1300,'[{\"lotNumber\":1,\"quantity\":1}]',1,'2022-04-06 18:50:53','2022-04-06 18:50:53',105,80),(200,350,'[{\"lotNumber\":1,\"quantity\":1}]',1,'2022-04-06 18:59:21','2022-04-06 18:59:21',28,81),(201,600,'[{\"lotNumber\":1,\"quantity\":1}]',1,'2022-04-06 18:59:21','2022-04-06 18:59:21',32,81),(202,800,'[{\"lotNumber\":1,\"quantity\":1}]',1,'2022-04-06 18:59:21','2022-04-06 18:59:21',94,81),(203,1500,'[{\"lotNumber\":1,\"quantity\":13}]',13,'2022-04-06 18:59:21','2022-04-06 18:59:21',101,81),(204,900,'[{\"lotNumber\":1,\"quantity\":2}]',2,'2022-04-06 18:59:21','2022-04-06 18:59:21',43,81),(205,1400,'[{\"lotNumber\":1,\"quantity\":1}]',1,'2022-04-06 19:05:05','2022-04-06 19:05:05',150,82),(206,600,'[{\"lotNumber\":1,\"quantity\":1}]',1,'2022-04-06 19:05:05','2022-04-06 19:05:05',60,82),(207,800,'[{\"lotNumber\":1,\"quantity\":1}]',1,'2022-04-06 19:07:36','2022-04-06 19:07:36',94,83),(208,550,'[{\"lotNumber\":1,\"quantity\":1}]',1,'2022-04-06 19:07:36','2022-04-06 19:07:36',109,83),(211,600,'[{\"lotNumber\":1,\"quantity\":1}]',1,'2022-04-06 19:11:47','2022-04-06 19:11:47',7,85),(212,750,'[{\"lotNumber\":1,\"quantity\":1}]',1,'2022-04-06 19:11:47','2022-04-06 19:11:47',123,85),(213,250,'[{\"lotNumber\":1,\"quantity\":1}]',1,'2022-04-06 19:11:47','2022-04-06 19:11:47',37,85),(214,300,'[{\"lotNumber\":2,\"quantity\":1}]',1,'2022-04-06 19:11:47','2022-04-06 19:11:47',46,85),(215,650,'[{\"lotNumber\":1,\"quantity\":3}]',3,'2022-04-06 19:16:05','2022-04-06 19:16:06',95,86),(216,1000,'[{\"lotNumber\":1,\"quantity\":2}]',2,'2022-04-06 19:16:06','2022-04-06 19:16:06',68,86),(217,1150,'[{\"lotNumber\":1,\"quantity\":3}]',3,'2022-04-06 19:16:06','2022-04-06 19:16:06',75,86),(218,650,'[{\"lotNumber\":1,\"quantity\":1}]',1,'2022-04-06 19:18:55','2022-04-06 19:18:55',32,87),(219,650,'[{\"lotNumber\":1,\"quantity\":2}]',2,'2022-04-06 19:18:55','2022-04-06 19:18:55',95,87),(220,650,'[{\"lotNumber\":1,\"quantity\":1}]',1,'2022-04-06 19:18:55','2022-04-06 19:18:55',32,88),(221,650,'[{\"lotNumber\":1,\"quantity\":2}]',2,'2022-04-06 19:18:55','2022-04-06 19:18:55',95,88),(222,4500,'[{\"lotNumber\":1,\"quantity\":2}]',2,'2022-04-06 19:20:49','2022-04-06 19:20:49',115,89),(223,1100,'[{\"lotNumber\":1,\"quantity\":1}]',1,'2022-04-06 19:24:50','2022-04-06 19:24:50',75,90),(224,900,'[{\"lotNumber\":1,\"quantity\":1}]',1,'2022-04-06 19:24:50','2022-04-06 19:24:50',98,90),(225,7500,'[{\"lotNumber\":1,\"quantity\":1}]',1,'2022-04-06 19:27:19','2022-04-06 19:27:19',64,91),(226,600,'[{\"lotNumber\":1,\"quantity\":1}]',1,'2022-04-06 19:30:43','2022-04-06 19:30:43',60,92),(227,400,'[{\"lotNumber\":1,\"quantity\":1}]',1,'2022-04-06 19:30:43','2022-04-06 19:30:43',129,92),(228,950,'[{\"lotNumber\":1,\"quantity\":2}]',2,'2022-04-06 19:34:38','2022-04-06 19:34:38',36,93),(229,800,'[{\"lotNumber\":1,\"quantity\":2}]',2,'2022-04-06 19:34:38','2022-04-06 19:34:38',94,93),(230,550,'[{\"lotNumber\":1,\"quantity\":2}]',2,'2022-04-06 19:34:38','2022-04-06 19:34:38',109,93),(231,1300,'[{\"lotNumber\":1,\"quantity\":2},{\"lotNumber\":2,\"quantity\":1}]',3,'2022-04-06 19:41:17','2022-04-06 19:41:17',105,94),(232,1150,'[{\"lotNumber\":1,\"quantity\":10}]',10,'2022-04-06 19:41:17','2022-04-06 19:41:17',75,94),(233,1500,'[{\"lotNumber\":1,\"quantity\":5}]',5,'2022-04-06 19:43:17','2022-04-06 19:43:17',101,95),(234,450,'[{\"lotNumber\":1,\"quantity\":6}]',6,'2022-04-07 09:06:17','2022-04-07 09:06:17',163,96),(235,950,'[{\"lotNumber\":1,\"quantity\":1}]',1,'2022-04-10 12:03:02','2022-04-10 12:03:02',36,97),(236,350,'[{\"lotNumber\":1,\"quantity\":1}]',1,'2022-04-10 12:03:02','2022-04-10 12:03:02',28,97),(237,300,'[{\"lotNumber\":1,\"quantity\":1}]',1,'2022-04-10 12:03:02','2022-04-10 12:03:02',31,97),(238,300,'[{\"lotNumber\":1,\"quantity\":1}]',1,'2022-04-10 12:03:02','2022-04-10 12:03:02',108,97),(239,600,'[{\"lotNumber\":1,\"quantity\":4}]',4,'2022-04-10 12:08:48','2022-04-10 12:08:48',60,98),(240,1200,'[{\"lotNumber\":1,\"quantity\":1}]',1,'2022-04-10 12:12:02','2022-04-10 12:12:02',131,99),(242,650,'[{\"lotNumber\":1,\"quantity\":1}]',1,'2022-04-10 12:12:02','2022-04-10 12:12:02',27,99),(244,300,'[{\"lotNumber\":2,\"quantity\":3}]',3,'2022-04-10 12:12:02','2022-04-10 12:12:02',46,99),(246,8500,'[{\"lotNumber\":1,\"quantity\":1}]',1,'2022-04-10 12:13:10','2022-04-10 12:13:10',141,101),(247,650,'[{\"lotNumber\":1,\"quantity\":5}]',5,'2022-04-10 12:15:52','2022-04-10 12:15:52',95,102),(248,1500,'[{\"lotNumber\":1,\"quantity\":1}]',1,'2022-04-10 12:15:52','2022-04-10 12:15:52',70,102),(249,500,'[{\"lotNumber\":2,\"quantity\":1}]',1,'2022-04-10 12:24:43','2022-04-10 12:24:43',40,103),(250,1000,'[{\"lotNumber\":1,\"quantity\":1}]',1,'2022-04-10 12:24:43','2022-04-10 12:24:44',34,103),(251,300,'[{\"lotNumber\":2,\"quantity\":2}]',2,'2022-04-10 12:26:44','2022-04-10 12:26:44',46,104),(252,1000,'[{\"lotNumber\":1,\"quantity\":1}]',1,'2022-04-10 12:26:44','2022-04-10 12:26:44',36,104),(253,650,'[{\"lotNumber\":1,\"quantity\":1}]',1,'2022-04-10 12:26:44','2022-04-10 12:26:44',81,104),(254,600,'[{\"lotNumber\":1,\"quantity\":1}]',1,'2022-04-10 12:29:33','2022-04-10 12:29:33',127,105),(256,500,'[{\"lotNumber\":1,\"quantity\":1}]',1,'2022-04-10 12:31:20','2022-04-10 12:31:21',127,107),(257,300,'[{\"lotNumber\":1,\"quantity\":2}]',2,'2022-04-10 12:31:21','2022-04-10 12:31:21',108,107),(258,2500,'[{\"lotNumber\":1,\"quantity\":1}]',1,'2022-04-10 12:34:47','2022-04-10 12:34:47',79,108),(259,3600,'[{\"lotNumber\":1,\"quantity\":1}]',1,'2022-04-10 12:34:47','2022-04-10 12:34:47',103,108),(260,1800,'[{\"lotNumber\":1,\"quantity\":1}]',1,'2022-04-10 12:34:47','2022-04-10 12:34:47',33,108),(261,550,'[{\"lotNumber\":1,\"quantity\":2}]',2,'2022-04-10 12:39:14','2022-04-10 12:39:14',109,109),(262,800,'[{\"lotNumber\":1,\"quantity\":2}]',2,'2022-04-10 12:39:14','2022-04-10 12:39:14',94,109),(263,400,'[{\"lotNumber\":1,\"quantity\":1}]',1,'2022-04-10 12:39:14','2022-04-10 12:39:14',129,109),(264,1200,'[{\"lotNumber\":1,\"quantity\":1}]',1,'2022-04-10 12:40:27','2022-04-10 12:40:27',131,110),(265,1800,'[{\"lotNumber\":1,\"quantity\":1}]',1,'2022-04-10 12:40:27','2022-04-10 12:40:27',33,110),(266,650,'[{\"lotNumber\":1,\"quantity\":3}]',3,'2022-04-10 12:47:49','2022-04-10 12:47:49',81,111),(267,1350,'[{\"lotNumber\":1,\"quantity\":2}]',2,'2022-04-10 12:47:49','2022-04-10 12:47:49',78,111),(268,800,'[{\"lotNumber\":1,\"quantity\":2}]',2,'2022-04-10 12:47:49','2022-04-10 12:47:49',94,111),(269,1900,'[{\"lotNumber\":1,\"quantity\":1}]',1,'2022-04-10 12:47:49','2022-04-10 12:47:49',100,111),(270,1000,'[{\"lotNumber\":1,\"quantity\":1}]',1,'2022-04-10 12:47:49','2022-04-10 12:47:49',145,111),(271,500,'[{\"lotNumber\":1,\"quantity\":1}]',1,'2022-04-10 12:47:49','2022-04-10 12:47:49',153,111),(272,650,'[{\"lotNumber\":1,\"quantity\":2}]',2,'2022-04-10 12:49:41','2022-04-10 12:49:41',81,112),(273,300,'[{\"lotNumber\":2,\"quantity\":2}]',2,'2022-04-10 12:49:41','2022-04-10 12:49:41',46,112),(274,1100,'[{\"lotNumber\":1,\"quantity\":1}]',1,'2022-04-10 12:49:41','2022-04-10 12:49:41',75,112),(275,1150,'[{\"lotNumber\":1,\"quantity\":2}]',2,'2022-04-10 12:54:14','2022-04-10 12:54:14',75,113),(277,1350,'[{\"lotNumber\":1,\"quantity\":1}]',1,'2022-04-10 12:54:14','2022-04-10 12:54:14',78,113),(280,800,'[{\"lotNumber\":1,\"quantity\":1}]',1,'2022-04-10 12:54:14','2022-04-10 12:54:14',94,113),(283,1000,'[{\"lotNumber\":1,\"quantity\":1}]',1,'2022-04-10 12:54:14','2022-04-10 12:54:14',71,113),(287,400,'[{\"lotNumber\":1,\"quantity\":1}]',1,'2022-04-10 12:57:50','2022-04-10 12:57:50',129,116),(289,600,'[{\"lotNumber\":1,\"quantity\":1}]',1,'2022-04-10 12:57:50','2022-04-10 12:57:50',121,116),(291,17000,'[{\"lotNumber\":1,\"quantity\":1}]',1,'2022-04-10 13:08:06','2022-04-10 13:08:06',166,118),(292,1250,'[{\"lotNumber\":1,\"quantity\":2}]',2,'2022-04-10 13:10:12','2022-04-10 13:10:12',78,119),(293,700,'[{\"lotNumber\":1,\"quantity\":1}]',1,'2022-04-10 13:10:12','2022-04-10 13:10:12',128,119),(296,650,'[{\"lotNumber\":1,\"quantity\":2}]',2,'2022-04-10 13:12:57','2022-04-10 13:12:57',27,121),(297,650,'[{\"lotNumber\":1,\"quantity\":1}]',1,'2022-04-10 13:12:57','2022-04-10 13:12:57',26,121),(298,1350,'[{\"lotNumber\":1,\"quantity\":3}]',3,'2022-04-10 13:15:48','2022-04-10 13:15:48',91,122),(299,625,'[{\"lotNumber\":1,\"quantity\":2}]',2,'2022-04-10 13:15:48','2022-04-10 13:15:48',26,122),(300,625,'[{\"lotNumber\":1,\"quantity\":2}]',2,'2022-04-10 13:15:48','2022-04-10 13:15:48',27,122),(301,1050,'[{\"lotNumber\":1,\"quantity\":2}]',2,'2022-04-10 13:19:07','2022-04-10 13:19:07',42,123),(302,300,'[{\"lotNumber\":2,\"quantity\":2}]',2,'2022-04-10 13:19:07','2022-04-10 13:19:07',46,123),(303,600,'[{\"lotNumber\":1,\"quantity\":1}]',1,'2022-04-10 13:19:07','2022-04-10 13:19:07',52,123),(304,650,'[{\"lotNumber\":1,\"quantity\":1}]',1,'2022-04-10 13:19:07','2022-04-10 13:19:07',27,123),(305,450,'[{\"lotNumber\":1,\"quantity\":7}]',7,'2022-04-10 13:22:05','2022-04-10 13:22:05',69,124),(306,2000,'[{\"lotNumber\":1,\"quantity\":1}]',1,'2022-04-10 13:22:05','2022-04-10 13:22:05',33,124),(307,1000,'[{\"lotNumber\":1,\"quantity\":1}]',1,'2022-04-10 13:22:05','2022-04-10 13:22:05',34,124),(308,7000,'[{\"lotNumber\":1,\"quantity\":7}]',7,'2022-04-10 13:22:05','2022-04-10 13:22:05',64,124),(309,600,'[{\"lotNumber\":1,\"quantity\":2}]',2,'2022-04-10 13:24:57','2022-04-10 13:24:57',41,125),(310,1400,'[{\"lotNumber\":1,\"quantity\":1}]',1,'2022-04-10 13:37:40','2022-04-10 13:37:40',29,126),(311,1400,'[{\"lotNumber\":1,\"quantity\":1}]',1,'2022-04-10 13:37:40','2022-04-10 13:37:40',29,127),(312,1400,'[{\"lotNumber\":1,\"quantity\":1}]',1,'2022-04-10 13:37:40','2022-04-10 13:37:40',70,126),(313,1400,'[{\"lotNumber\":1,\"quantity\":1}]',1,'2022-04-10 13:37:40','2022-04-10 13:37:40',70,127),(314,1900,'[{\"lotNumber\":1,\"quantity\":1}]',1,'2022-04-10 13:37:40','2022-04-10 13:37:40',33,126),(315,1900,'[{\"lotNumber\":1,\"quantity\":1}]',1,'2022-04-10 13:37:40','2022-04-10 13:37:40',33,127),(316,1400,'[{\"lotNumber\":1,\"quantity\":1}]',1,'2022-04-10 13:37:40','2022-04-10 13:37:40',167,126),(317,1400,'[{\"lotNumber\":1,\"quantity\":1}]',1,'2022-04-10 13:37:40','2022-04-10 13:37:40',167,127),(318,600,'[{\"lotNumber\":1,\"quantity\":2}]',2,'2022-04-10 13:37:40','2022-04-10 13:37:40',41,126),(319,600,'[{\"lotNumber\":1,\"quantity\":2}]',2,'2022-04-10 13:37:40','2022-04-10 13:37:40',41,127),(320,300,'[{\"lotNumber\":2,\"quantity\":2}]',2,'2022-04-10 13:41:49','2022-04-10 13:41:49',46,128),(321,1000,'[{\"lotNumber\":1,\"quantity\":1}]',1,'2022-04-10 13:41:49','2022-04-10 13:41:49',58,128),(322,650,'[{\"lotNumber\":1,\"quantity\":2}]',2,'2022-04-10 13:41:49','2022-04-10 13:41:49',81,128),(323,1150,'[{\"lotNumber\":1,\"quantity\":2}]',2,'2022-04-10 13:41:49','2022-04-10 13:41:49',75,128),(324,1200,'[{\"lotNumber\":1,\"quantity\":1}]',1,'2022-04-10 13:41:49','2022-04-10 13:41:49',167,128),(325,3500,'[{\"lotNumber\":1,\"quantity\":3}]',3,'2022-04-10 13:42:55','2022-04-10 13:42:55',103,129),(326,500,'[{\"lotNumber\":1,\"quantity\":2}]',2,'2022-04-10 13:44:12','2022-04-10 13:44:12',109,130),(327,1400,'[{\"lotNumber\":1,\"quantity\":1}]',1,'2022-04-10 13:44:13','2022-04-10 13:44:13',167,130),(328,1200,'[{\"lotNumber\":1,\"quantity\":1}]',1,'2022-04-10 13:45:42','2022-04-10 13:45:42',131,131),(329,1800,'[{\"lotNumber\":1,\"quantity\":1}]',1,'2022-04-10 13:45:42','2022-04-10 13:45:42',33,131),(330,1300,'[{\"lotNumber\":1,\"quantity\":2}]',2,'2022-04-10 13:47:31','2022-04-10 13:47:31',29,132),(331,1300,'[{\"lotNumber\":1,\"quantity\":2}]',2,'2022-04-10 13:47:31','2022-04-10 13:47:31',70,132),(332,300,'[{\"lotNumber\":2,\"quantity\":9}]',9,'2022-04-10 13:52:24','2022-04-10 13:52:24',46,133),(333,1800,'[{\"lotNumber\":1,\"quantity\":1}]',1,'2022-04-10 13:52:24','2022-04-10 13:52:24',33,133),(334,1200,'[{\"lotNumber\":1,\"quantity\":1}]',1,'2022-04-10 13:52:24','2022-04-10 13:52:24',131,133),(335,567,'[{\"lotNumber\":1,\"quantity\":3}]',3,'2022-04-10 13:52:24','2022-04-10 13:52:24',132,133),(336,1800,'[{\"lotNumber\":1,\"quantity\":2}]',2,'2022-04-10 13:53:59','2022-04-10 13:53:59',33,134),(337,1200,'[{\"lotNumber\":1,\"quantity\":2}]',2,'2022-04-10 13:53:59','2022-04-10 13:53:59',131,134),(339,300,'[{\"lotNumber\":2,\"quantity\":8}]',8,'2022-04-10 13:53:59','2022-04-10 13:53:59',46,134),(342,6000,'[{\"lotNumber\":1,\"quantity\":3}]',3,'2022-04-10 13:57:05','2022-04-10 13:57:05',117,136);
/*!40000 ALTER TABLE `saleitems` ENABLE KEYS */;
UNLOCK TABLES;

--
-- Table structure for table `salepayments`
--

DROP TABLE IF EXISTS `salepayments`;
/*!40101 SET @saved_cs_client     = @@character_set_client */;
/*!40101 SET character_set_client = utf8 */;
CREATE TABLE `salepayments` (
  `id` int(11) NOT NULL AUTO_INCREMENT,
  `receivedAmount` float DEFAULT NULL,
  `receivedDate` date DEFAULT NULL,
  `paymentType` varchar(255) DEFAULT NULL,
  `bookNumber` varchar(255) DEFAULT NULL,
  `billNumber` varchar(255) DEFAULT NULL,
  `createdAt` datetime NOT NULL,
  `updatedAt` datetime NOT NULL,
  `saleId` int(11) DEFAULT NULL,
  `accountId` int(11) DEFAULT NULL,
  PRIMARY KEY (`id`),
  KEY `saleId` (`saleId`),
  KEY `accountId` (`accountId`),
  CONSTRAINT `salepayments_ibfk_1` FOREIGN KEY (`saleId`) REFERENCES `sales` (`id`) ON UPDATE CASCADE,
  CONSTRAINT `salepayments_ibfk_2` FOREIGN KEY (`accountId`) REFERENCES `accounts` (`id`) ON DELETE SET NULL ON UPDATE CASCADE
) ENGINE=InnoDB AUTO_INCREMENT=137 DEFAULT CHARSET=utf8;
/*!40101 SET character_set_client = @saved_cs_client */;

--
-- Dumping data for table `salepayments`
--

LOCK TABLES `salepayments` WRITE;
/*!40000 ALTER TABLE `salepayments` DISABLE KEYS */;
INSERT INTO `salepayments` VALUES (1,4200,'2022-04-02','0','1','1','2022-04-02 15:16:29','2022-04-02 15:16:29',1,1),(2,0,'2022-04-05','0','1','2','2022-04-05 09:06:20','2022-04-05 09:06:20',2,1),(3,2100,'2022-04-06','0','01','04','2022-04-06 08:16:06','2022-04-06 08:16:06',3,1),(4,0,'2022-04-01','0','27','2602','2022-04-06 08:23:29','2022-04-06 08:23:29',4,1),(5,650,'2022-04-01','0','27','2603','2022-04-06 08:24:30','2022-04-06 08:24:30',5,1),(6,1250,'2022-04-01','0','27','2604','2022-04-06 08:26:07','2022-04-06 08:26:07',6,1),(7,2800,'2022-04-01','0','27','2605','2022-04-06 08:29:40','2022-04-06 08:29:40',7,1),(8,2950,'2022-04-01','0','27','2607','2022-04-06 08:38:54','2022-04-06 08:38:54',8,1),(9,0,'2022-04-01','0','27','2607','2022-04-06 08:45:57','2022-04-06 08:45:57',9,1),(10,0,'2022-04-01','0','27','2608','2022-04-06 08:47:53','2022-04-06 08:47:53',10,1),(11,2600,'2022-04-01','0','27','2611','2022-04-06 08:52:35','2022-04-06 08:52:35',11,1),(12,7100,'2022-04-01','0','27','2612','2022-04-06 09:18:52','2022-04-06 09:18:52',12,1),(13,0,'2022-04-01','0','27','2613','2022-04-06 10:22:07','2022-04-06 10:22:07',13,1),(14,0,'2022-04-06','0','27','2614','2022-04-06 10:38:47','2022-04-06 10:38:47',14,1),(15,0,'2022-04-01','0','27','2614','2022-04-06 10:42:50','2022-04-06 10:42:50',15,1),(16,1900,'2022-04-06','0','54','645','2022-04-06 10:50:08','2022-04-06 10:50:08',16,1),(17,1300,'2022-04-02','0','27','2615','2022-04-06 10:52:11','2022-04-06 10:52:11',17,1),(18,0,'2022-04-02','0','27','2616','2022-04-06 10:58:23','2022-04-06 10:58:23',18,1),(19,9650,'2022-04-02','0','27','2617','2022-04-06 11:09:23','2022-04-06 11:09:23',19,1),(20,8200,'2022-04-02','0','27','2618','2022-04-06 11:21:59','2022-04-06 11:21:59',20,1),(21,1650,'2022-04-02','0','27','2619','2022-04-06 11:24:22','2022-04-06 11:24:22',21,1),(22,1700,'2022-04-02','0','27','2620','2022-04-06 11:28:13','2022-04-06 11:28:13',22,1),(23,0,'2022-04-02','0','27','2622','2022-04-06 11:31:56','2022-04-06 11:31:56',23,1),(24,0,'2022-04-02','0','27','2623','2022-04-06 11:35:01','2022-04-06 11:35:01',24,1),(25,1850,'2022-04-02','0','27','2624','2022-04-06 11:55:23','2022-04-06 11:55:23',25,1),(26,2600,'2022-04-02','0','27','2625','2022-04-06 11:57:11','2022-04-06 11:57:11',26,1),(27,1600,'2022-04-02','0','27','2626','2022-04-06 11:58:20','2022-04-06 11:58:20',27,1),(28,950,'2022-04-02','0','27','2628','2022-04-06 12:02:43','2022-04-06 12:02:43',28,1),(29,1500,'2022-04-02','0','27','2629','2022-04-06 12:07:57','2022-04-06 12:07:57',29,1),(30,3000,'2022-04-02','0','27','2630','2022-04-06 12:14:40','2022-04-06 12:14:40',30,1),(31,0,'2022-04-03','0','27','2631','2022-04-06 12:20:53','2022-04-06 12:20:53',31,1),(32,2200,'2022-04-03','0','27','2632','2022-04-06 12:54:13','2022-04-06 12:54:13',32,1),(33,0,'2022-04-03','0','27','2633','2022-04-06 12:58:40','2022-04-06 12:58:40',33,1),(34,3200,'2022-04-03','0','27','2634','2022-04-06 13:02:36','2022-04-06 13:02:36',34,1),(35,3700,'2022-04-03','0','27','2636','2022-04-06 13:08:25','2022-04-06 13:08:25',35,1),(36,7600,'2022-04-03','0','27','2637','2022-04-06 13:09:46','2022-04-06 13:09:46',36,1),(37,2600,'2022-04-03','0','27','2642','2022-04-06 13:14:47','2022-04-06 13:14:47',37,1),(39,1600,'2022-04-03','0','27','2644','2022-04-06 13:16:27','2022-04-06 13:16:27',39,1),(40,1200,'2022-04-03','0','27','2645','2022-04-06 13:18:14','2022-04-06 13:18:14',40,1),(41,6500,'2022-04-03','0','27','2665','2022-04-06 13:30:06','2022-04-06 13:30:06',41,1),(42,6500,'2022-04-03','0','27','2665','2022-04-06 13:30:06','2022-04-06 13:30:06',42,1),(43,2200,'2022-04-03','0','27','2646','2022-04-06 14:53:40','2022-04-06 14:53:40',43,1),(44,1800,'2022-04-03','0','27','2647','2022-04-06 14:56:54','2022-04-06 14:56:54',44,1),(45,1600,'2022-04-03','0','27','2648','2022-04-06 15:00:02','2022-04-06 15:00:02',45,1),(46,5650,'2022-04-03','0','27','2649','2022-04-06 15:12:29','2022-04-06 15:12:29',46,1),(47,3800,'2022-04-03','0','27','2650','2022-04-06 15:16:48','2022-04-06 15:16:48',47,1),(48,0,'2022-04-03','0','27','2652','2022-04-06 15:21:40','2022-04-06 15:21:40',48,1),(51,0,'2022-04-04','0','27','2653','2022-04-06 15:24:26','2022-04-06 15:24:26',51,1),(52,0,'2022-04-04','0','27','2654','2022-04-06 15:26:04','2022-04-06 15:26:04',52,1),(53,0,'2022-04-04','0','27','2655','2022-04-06 15:30:44','2022-04-06 15:30:44',53,1),(54,0,'2022-04-04','0','27','2656','2022-04-06 15:40:13','2022-04-06 15:40:13',54,1),(55,0,'2022-04-04','0','27','2657','2022-04-06 15:42:25','2022-04-06 15:42:25',55,1),(56,0,'2022-04-04','0','27','2658','2022-04-06 15:52:52','2022-04-06 15:52:52',56,1),(57,13800,'2022-04-06','0','27','2660','2022-04-06 16:08:01','2022-04-06 16:08:01',57,1),(58,950,'2022-04-04','0','27','2661','2022-04-06 16:12:32','2022-04-06 16:12:32',58,1),(59,0,'2022-04-04','0','27','2663','2022-04-06 16:14:24','2022-04-06 16:14:24',59,1),(61,3600,'2022-04-04','0','27','2663','2022-04-06 16:18:44','2022-04-06 16:18:44',61,1),(62,25375,'2022-04-04','0','27','2665','2022-04-06 16:23:06','2022-04-06 16:23:06',62,1),(63,0,'2022-04-04','0','27','2666','2022-04-06 16:28:55','2022-04-06 16:28:55',63,1),(64,3250,'2022-04-05','0','27','2667','2022-04-06 16:36:53','2022-04-06 16:36:53',64,1),(65,2300,'2022-04-05','0','27','2668','2022-04-06 17:17:08','2022-04-06 17:17:08',65,1),(66,1050,'2022-04-05','0','27','69','2022-04-06 17:19:41','2022-04-06 17:19:41',66,1),(67,2100,'2022-04-05','0','27','2670','2022-04-06 17:20:47','2022-04-06 17:20:47',67,1),(68,0,'2022-04-05','0','27','2671','2022-04-06 17:23:12','2022-04-06 17:23:12',68,1),(69,0,'2022-04-05','0','27','2672','2022-04-06 17:38:31','2022-04-06 17:38:31',69,1),(70,0,'2022-04-05','0','27','2673','2022-04-06 17:41:52','2022-04-06 17:41:52',70,1),(71,600,'2022-04-05','0','27','2674','2022-04-06 17:52:15','2022-04-06 17:52:15',71,1),(72,600,'2022-04-05','0','27','2675','2022-04-06 17:58:10','2022-04-06 17:58:10',72,1),(73,0,'2022-04-05','0','27','2676','2022-04-06 18:06:43','2022-04-06 18:06:43',73,1),(75,900,'2022-04-05','0','27','2677','2022-04-06 18:12:47','2022-04-06 18:12:47',75,1),(76,1100,'2022-04-05','0','27','2678','2022-04-06 18:29:06','2022-04-06 18:29:06',76,1),(77,2000,'2022-04-05','0','27','2679','2022-04-06 18:44:13','2022-04-06 18:44:13',77,1),(79,0,'2022-04-05','0','27','2680','2022-04-06 18:49:19','2022-04-06 18:49:19',79,1),(80,1300,'2022-04-05','0','27','2681','2022-04-06 18:50:53','2022-04-06 18:50:53',80,1),(81,23050,'2022-04-06','0','27','2682','2022-04-06 18:59:21','2022-04-06 18:59:21',81,1),(82,0,'2022-04-06','0','27','2684','2022-04-06 19:05:05','2022-04-06 19:05:05',82,1),(83,0,'2022-04-06','0','27','2685','2022-04-06 19:07:36','2022-04-06 19:07:36',83,1),(85,1900,'2022-04-06','0','27','2686','2022-04-06 19:11:47','2022-04-06 19:11:47',85,1),(86,0,'2022-04-06','0','27','2687','2022-04-06 19:16:05','2022-04-06 19:16:05',86,1),(87,0,'2022-04-06','0','27','88','2022-04-06 19:18:55','2022-04-06 19:18:55',87,1),(88,0,'2022-04-06','0','27','88','2022-04-06 19:18:55','2022-04-06 19:18:55',88,1),(89,9000,'2022-04-06','0','27','2689','2022-04-06 19:20:49','2022-04-06 19:20:49',89,1),(90,2000,'2022-04-06','0','27','2690','2022-04-06 19:24:50','2022-04-06 19:24:50',90,1),(91,0,'2022-04-06','0','27','2691','2022-04-06 19:27:19','2022-04-06 19:27:19',91,1),(92,1000,'2022-04-06','0','27','2693','2022-04-06 19:30:43','2022-04-06 19:30:43',92,1),(93,0,'2022-04-06','0','27','2694','2022-04-06 19:34:38','2022-04-06 19:34:38',93,1),(94,15400,'2022-04-06','0','27','2695','2022-04-06 19:41:17','2022-04-06 19:41:17',94,1),(95,7500,'2022-04-06','0','27','2696','2022-04-06 19:43:17','2022-04-06 19:43:17',95,1),(96,0,'2022-04-07','0','1','021','2022-04-07 09:06:17','2022-04-07 09:06:17',96,1),(97,1900,'2022-04-07','0','28','2701','2022-04-10 12:03:02','2022-04-10 12:03:02',97,1),(98,0,'2022-04-04','0','28','2703','2022-04-10 12:08:48','2022-04-10 12:08:48',98,1),(99,0,'2022-04-07','0','28','2704','2022-04-10 12:12:02','2022-04-10 12:12:02',99,1),(101,8500,'2022-04-07','0','28','2706','2022-04-10 12:13:10','2022-04-10 12:13:10',101,1),(102,0,'2022-04-07','0','28','2707','2022-04-10 12:15:52','2022-04-10 12:15:52',102,1),(103,1500,'2022-04-07','0','28','2708','2022-04-10 12:24:43','2022-04-10 12:24:43',103,1),(104,2250,'2022-04-07','0','28','2709','2022-04-10 12:26:44','2022-04-10 12:26:44',104,1),(105,600,'2022-04-07','0','28','2711','2022-04-10 12:29:33','2022-04-10 12:29:33',105,1),(107,1100,'2022-04-07','0','28','2712','2022-04-10 12:31:20','2022-04-10 12:31:20',107,1),(108,0,'2022-04-08','0','28','2713','2022-04-10 12:34:47','2022-04-10 12:34:47',108,1),(109,3100,'2022-04-08','0','28','2714','2022-04-10 12:39:14','2022-04-10 12:39:14',109,1),(110,3000,'2022-04-08','0','28','2715','2022-04-10 12:40:27','2022-04-10 12:40:27',110,1),(111,9650,'2022-04-08','0','28','2716','2022-04-10 12:47:49','2022-04-10 12:47:49',111,1),(112,3000,'2022-04-08','0','28','2717','2022-04-10 12:49:41','2022-04-10 12:49:41',112,1),(113,0,'2022-04-08','0','28','2718','2022-04-10 12:54:14','2022-04-10 12:54:14',113,1),(116,1000,'2022-04-08','0','28','2720','2022-04-10 12:57:50','2022-04-10 12:57:50',116,1),(118,0,'2022-04-08','0','28','2721','2022-04-10 13:08:06','2022-04-10 13:08:06',118,1),(119,3200,'2022-04-08','0','28','2722','2022-04-10 13:10:12','2022-04-10 13:10:12',119,1),(121,0,'2022-04-08','0','28','2723','2022-04-10 13:12:57','2022-04-10 13:12:57',121,1),(122,6550,'2022-04-09','0','28','2724','2022-04-10 13:15:48','2022-04-10 13:15:48',122,1),(123,0,'2022-04-10','0','28','2725','2022-04-10 13:19:07','2022-04-10 13:19:07',123,1),(124,0,'2022-04-09','0','28','2726','2022-04-10 13:22:05','2022-04-10 13:22:05',124,1),(125,0,'2022-04-09','0','28','2728','2022-04-10 13:24:57','2022-04-10 13:24:57',125,1),(126,0,'2022-04-09','0','28','2729','2022-04-10 13:37:40','2022-04-10 13:37:40',126,1),(127,0,'2022-04-09','0','28','2729','2022-04-10 13:37:40','2022-04-10 13:37:40',127,1),(128,6400,'2022-04-09','0','28','2730','2022-04-10 13:41:49','2022-04-10 13:41:49',128,1),(129,10500,'2022-04-09','0','28','2731','2022-04-10 13:42:55','2022-04-10 13:42:55',129,1),(130,2400,'2022-04-10','0','28','2732','2022-04-10 13:44:12','2022-04-10 13:44:12',130,1),(131,3000,'2022-04-10','0','28','2733','2022-04-10 13:45:41','2022-04-10 13:45:41',131,1),(132,5200,'2022-04-10','0','28','2734','2022-04-10 13:47:31','2022-04-10 13:47:31',132,1),(133,0,'2022-04-10','0','28','2735','2022-04-10 13:52:24','2022-04-10 13:52:24',133,1),(134,0,'2022-04-10','0','28','2736','2022-04-10 13:53:58','2022-04-10 13:53:58',134,1),(136,0,'2022-04-10','0','28','2737','2022-04-10 13:57:05','2022-04-10 13:57:05',136,1);
/*!40000 ALTER TABLE `salepayments` ENABLE KEYS */;
UNLOCK TABLES;

--
-- Table structure for table `saleprofits`
--

DROP TABLE IF EXISTS `saleprofits`;
/*!40101 SET @saved_cs_client     = @@character_set_client */;
/*!40101 SET character_set_client = utf8 */;
CREATE TABLE `saleprofits` (
  `id` int(11) NOT NULL AUTO_INCREMENT,
  `amount` float DEFAULT NULL,
  `date` date DEFAULT NULL,
  `createdAt` datetime NOT NULL,
  `updatedAt` datetime NOT NULL,
  `saleId` int(11) DEFAULT NULL,
  `saleItemId` int(11) DEFAULT NULL,
  PRIMARY KEY (`id`),
  KEY `saleId` (`saleId`),
  KEY `saleItemId` (`saleItemId`),
  CONSTRAINT `saleprofits_ibfk_1` FOREIGN KEY (`saleId`) REFERENCES `sales` (`id`) ON UPDATE CASCADE,
  CONSTRAINT `saleprofits_ibfk_2` FOREIGN KEY (`saleItemId`) REFERENCES `saleitems` (`id`) ON UPDATE CASCADE
) ENGINE=InnoDB AUTO_INCREMENT=345 DEFAULT CHARSET=utf8;
/*!40101 SET character_set_client = @saved_cs_client */;

--
-- Dumping data for table `saleprofits`
--

LOCK TABLES `saleprofits` WRITE;
/*!40000 ALTER TABLE `saleprofits` DISABLE KEYS */;
INSERT INTO `saleprofits` VALUES (1,200,'2022-04-02','2022-04-02 15:16:29','2022-04-02 15:16:29',1,1),(2,350,'2022-04-05','2022-04-05 09:06:20','2022-04-05 09:06:20',2,2),(3,210,'2022-04-06','2022-04-06 08:16:06','2022-04-06 08:16:06',3,3),(4,1700,'2022-04-01','2022-04-06 08:23:29','2022-04-06 08:23:29',4,4),(5,155,'2022-04-01','2022-04-06 08:24:30','2022-04-06 08:24:30',5,5),(6,265,'2022-04-01','2022-04-06 08:26:07','2022-04-06 08:26:07',6,6),(7,120,'2022-04-01','2022-04-06 08:26:07','2022-04-06 08:26:07',6,7),(8,110,'2022-04-01','2022-04-06 08:29:41','2022-04-06 08:29:41',7,8),(9,268,'2022-04-01','2022-04-06 08:29:41','2022-04-06 08:29:41',7,9),(10,35,'2022-04-01','2022-04-06 08:29:41','2022-04-06 08:29:41',7,10),(11,110,'2022-04-01','2022-04-06 08:38:54','2022-04-06 08:38:54',8,11),(12,66,'2022-04-01','2022-04-06 08:38:54','2022-04-06 08:38:54',8,12),(13,170,'2022-04-01','2022-04-06 08:38:54','2022-04-06 08:38:54',8,13),(14,70,'2022-04-01','2022-04-06 08:38:55','2022-04-06 08:38:55',8,14),(15,586.8,'2022-04-01','2022-04-06 08:45:57','2022-04-06 08:45:57',9,15),(16,27.2,'2022-04-01','2022-04-06 08:45:57','2022-04-06 08:45:57',9,16),(17,265,'2022-04-01','2022-04-06 08:45:57','2022-04-06 08:45:57',9,17),(18,205,'2022-04-01','2022-04-06 08:45:57','2022-04-06 08:45:57',9,18),(19,175,'2022-04-01','2022-04-06 08:45:57','2022-04-06 08:45:57',9,19),(20,1300,'2022-04-01','2022-04-06 08:47:53','2022-04-06 08:47:53',10,20),(21,650,'2022-04-01','2022-04-06 08:52:35','2022-04-06 08:52:35',11,21),(22,100,'2022-04-01','2022-04-06 08:52:35','2022-04-06 08:52:35',11,22),(23,66,'2022-04-01','2022-04-06 09:18:52','2022-04-06 09:18:52',12,23),(24,906,'2022-04-01','2022-04-06 09:18:52','2022-04-06 09:18:52',12,24),(25,265,'2022-04-01','2022-04-06 09:18:52','2022-04-06 09:18:52',12,25),(26,205,'2022-04-01','2022-04-06 09:18:52','2022-04-06 09:18:52',12,26),(27,310,'2022-04-01','2022-04-06 09:18:52','2022-04-06 09:18:52',12,27),(28,100,'2022-04-01','2022-04-06 10:22:07','2022-04-06 10:22:07',13,28),(29,220,'2022-04-01','2022-04-06 10:22:07','2022-04-06 10:22:07',13,29),(30,85,'2022-04-01','2022-04-06 10:22:07','2022-04-06 10:22:07',13,30),(31,480,'2022-04-06','2022-04-06 10:38:47','2022-04-06 10:38:47',14,31),(32,340,'2022-04-06','2022-04-06 10:38:47','2022-04-06 10:38:47',14,32),(33,260.8,'2022-04-06','2022-04-06 10:38:47','2022-04-06 10:38:47',14,33),(34,506,'2022-04-06','2022-04-06 10:38:47','2022-04-06 10:38:47',14,34),(35,380,'2022-04-06','2022-04-06 10:38:47','2022-04-06 10:38:47',14,35),(36,380,'2022-04-01','2022-04-06 10:42:50','2022-04-06 10:42:50',15,36),(37,506,'2022-04-01','2022-04-06 10:42:50','2022-04-06 10:42:50',15,37),(38,300,'2022-04-06','2022-04-06 10:50:08','2022-04-06 10:50:08',16,38),(39,110,'2022-04-02','2022-04-06 10:52:11','2022-04-06 10:52:11',17,39),(40,200,'2022-04-02','2022-04-06 10:58:23','2022-04-06 10:58:23',18,40),(41,210,'2022-04-02','2022-04-06 10:58:23','2022-04-06 10:58:23',18,41),(42,220,'2022-04-02','2022-04-06 10:58:23','2022-04-06 10:58:23',18,42),(43,660,'2022-04-02','2022-04-06 11:09:23','2022-04-06 11:09:23',19,43),(44,456,'2022-04-02','2022-04-06 11:09:23','2022-04-06 11:09:23',19,44),(45,155,'2022-04-02','2022-04-06 11:09:23','2022-04-06 11:09:23',19,45),(46,230.4,'2022-04-02','2022-04-06 11:09:23','2022-04-06 11:09:23',19,46),(47,240,'2022-04-02','2022-04-06 11:09:23','2022-04-06 11:09:23',19,47),(48,106.8,'2022-04-02','2022-04-06 11:09:23','2022-04-06 11:09:23',19,48),(49,202,'2022-04-02','2022-04-06 11:09:23','2022-04-06 11:09:23',19,49),(50,205,'2022-04-02','2022-04-06 11:09:23','2022-04-06 11:09:23',19,50),(51,220,'2022-04-02','2022-04-06 11:09:23','2022-04-06 11:09:23',19,51),(52,106.8,'2022-04-02','2022-04-06 11:21:59','2022-04-06 11:21:59',20,52),(53,600,'2022-04-02','2022-04-06 11:21:59','2022-04-06 11:21:59',20,53),(54,440,'2022-04-02','2022-04-06 11:21:59','2022-04-06 11:21:59',20,54),(55,101,'2022-04-02','2022-04-06 11:21:59','2022-04-06 11:21:59',20,55),(56,88,'2022-04-02','2022-04-06 11:21:59','2022-04-06 11:21:59',20,56),(57,23.2,'2022-04-02','2022-04-06 11:21:59','2022-04-06 11:21:59',20,57),(58,480,'2022-04-02','2022-04-06 11:21:59','2022-04-06 11:21:59',20,58),(59,134,'2022-04-02','2022-04-06 11:24:22','2022-04-06 11:24:22',21,59),(60,66,'2022-04-02','2022-04-06 11:24:22','2022-04-06 11:24:22',21,60),(61,158.72,'2022-04-02','2022-04-06 11:24:22','2022-04-06 11:24:22',21,61),(62,265,'2022-04-02','2022-04-06 11:28:13','2022-04-06 11:28:13',22,62),(63,205,'2022-04-02','2022-04-06 11:28:13','2022-04-06 11:28:13',22,63),(64,160,'2022-04-02','2022-04-06 11:28:13','2022-04-06 11:28:13',22,64),(65,158.72,'2022-04-02','2022-04-06 11:31:56','2022-04-06 11:31:56',23,65),(66,88,'2022-04-02','2022-04-06 11:35:01','2022-04-06 11:35:01',24,66),(67,65,'2022-04-02','2022-04-06 11:35:01','2022-04-06 11:35:01',24,67),(68,85,'2022-04-02','2022-04-06 11:35:01','2022-04-06 11:35:01',24,68),(69,158.72,'2022-04-02','2022-04-06 11:55:23','2022-04-06 11:55:23',25,69),(70,84,'2022-04-02','2022-04-06 11:55:23','2022-04-06 11:55:23',25,70),(71,66,'2022-04-02','2022-04-06 11:55:23','2022-04-06 11:55:23',25,71),(72,65.2,'2022-04-02','2022-04-06 11:55:23','2022-04-06 11:55:23',25,72),(73,406,'2022-04-02','2022-04-06 11:57:11','2022-04-06 11:57:11',26,73),(74,280,'2022-04-02','2022-04-06 11:57:12','2022-04-06 11:57:12',26,74),(75,374,'2022-04-02','2022-04-06 11:58:20','2022-04-06 11:58:20',27,75),(76,120,'2022-04-02','2022-04-06 12:02:43','2022-04-06 12:02:43',28,76),(77,85,'2022-04-02','2022-04-06 12:02:43','2022-04-06 12:02:43',28,77),(78,140,'2022-04-02','2022-04-06 12:07:57','2022-04-06 12:07:57',29,78),(79,230.4,'2022-04-02','2022-04-06 12:07:57','2022-04-06 12:07:57',29,79),(80,536,'2022-04-02','2022-04-06 12:14:40','2022-04-06 12:14:40',30,80),(81,342,'2022-04-02','2022-04-06 12:14:40','2022-04-06 12:14:40',30,81),(82,1750,'2022-04-03','2022-04-06 12:20:53','2022-04-06 12:20:53',31,82),(83,2530,'2022-04-03','2022-04-06 12:20:53','2022-04-06 12:20:53',31,83),(84,268,'2022-04-03','2022-04-06 12:20:53','2022-04-06 12:20:53',31,84),(85,60,'2022-04-03','2022-04-06 12:54:13','2022-04-06 12:54:13',32,85),(86,101,'2022-04-03','2022-04-06 12:54:13','2022-04-06 12:54:13',32,86),(87,380,'2022-04-03','2022-04-06 12:54:13','2022-04-06 12:54:13',32,87),(88,1120,'2022-04-03','2022-04-06 12:58:40','2022-04-06 12:58:40',33,88),(89,1624,'2022-04-03','2022-04-06 12:58:40','2022-04-06 12:58:40',33,89),(90,265,'2022-04-03','2022-04-06 12:58:40','2022-04-06 12:58:40',33,90),(91,205,'2022-04-03','2022-04-06 12:58:40','2022-04-06 12:58:40',33,91),(92,108.72,'2022-04-03','2022-04-06 13:02:36','2022-04-06 13:02:36',34,92),(93,134,'2022-04-03','2022-04-06 13:02:36','2022-04-06 13:02:36',34,93),(94,302,'2022-04-03','2022-04-06 13:02:36','2022-04-06 13:02:36',34,94),(95,155,'2022-04-03','2022-04-06 13:02:36','2022-04-06 13:02:36',34,95),(96,330,'2022-04-03','2022-04-06 13:08:25','2022-04-06 13:08:25',35,96),(97,304,'2022-04-03','2022-04-06 13:08:25','2022-04-06 13:08:25',35,97),(98,379,'2022-04-03','2022-04-06 13:09:46','2022-04-06 13:09:46',36,98),(99,704,'2022-04-03','2022-04-06 13:14:47','2022-04-06 13:14:47',37,99),(101,201,'2022-04-03','2022-04-06 13:16:27','2022-04-06 13:16:27',39,101),(102,110,'2022-04-03','2022-04-06 13:16:27','2022-04-06 13:16:27',39,102),(103,100,'2022-04-03','2022-04-06 13:16:27','2022-04-06 13:16:27',39,103),(104,114,'2022-04-03','2022-04-06 13:18:14','2022-04-06 13:18:14',40,104),(105,2594,'2022-04-03','2022-04-06 13:30:06','2022-04-06 13:30:06',41,105),(106,2594,'2022-04-03','2022-04-06 13:30:07','2022-04-06 13:30:07',42,106),(107,173,'2022-04-03','2022-04-06 13:30:07','2022-04-06 13:30:07',41,107),(108,173,'2022-04-03','2022-04-06 13:30:07','2022-04-06 13:30:07',42,108),(109,114,'2022-04-03','2022-04-06 13:30:07','2022-04-06 13:30:07',41,109),(110,114,'2022-04-03','2022-04-06 13:30:07','2022-04-06 13:30:07',42,110),(111,187,'2022-04-03','2022-04-06 13:30:07','2022-04-06 13:30:07',41,111),(112,187,'2022-04-03','2022-04-06 13:30:07','2022-04-06 13:30:07',42,112),(113,16,'2022-04-03','2022-04-06 14:53:40','2022-04-06 14:53:40',43,113),(114,230.4,'2022-04-03','2022-04-06 14:56:54','2022-04-06 14:56:54',44,114),(115,114,'2022-04-03','2022-04-06 14:56:54','2022-04-06 14:56:54',44,115),(116,156,'2022-04-03','2022-04-06 15:00:02','2022-04-06 15:00:02',45,116),(117,171,'2022-04-03','2022-04-06 15:12:29','2022-04-06 15:12:29',46,117),(118,756,'2022-04-03','2022-04-06 15:12:29','2022-04-06 15:12:29',46,118),(119,65.2,'2022-04-03','2022-04-06 15:12:29','2022-04-06 15:12:29',46,119),(120,135,'2022-04-03','2022-04-06 15:16:48','2022-04-06 15:16:48',47,120),(121,38,'2022-04-03','2022-04-06 15:16:48','2022-04-06 15:16:48',47,121),(122,360,'2022-04-03','2022-04-06 15:16:48','2022-04-06 15:16:48',47,122),(123,202,'2022-04-03','2022-04-06 15:16:48','2022-04-06 15:16:48',47,123),(124,1600,'2022-04-03','2022-04-06 15:21:40','2022-04-06 15:21:40',48,124),(126,-86.4,'2022-04-03','2022-04-06 15:21:40','2022-04-06 15:21:40',48,126),(130,612,'2022-04-04','2022-04-06 15:24:26','2022-04-06 15:24:26',51,130),(131,660,'2022-04-04','2022-04-06 15:24:26','2022-04-06 15:24:26',51,131),(132,115,'2022-04-04','2022-04-06 15:26:04','2022-04-06 15:26:04',52,132),(133,265,'2022-04-04','2022-04-06 15:26:04','2022-04-06 15:26:04',52,133),(134,85,'2022-04-04','2022-04-06 15:30:44','2022-04-06 15:30:44',53,134),(135,115.2,'2022-04-04','2022-04-06 15:30:44','2022-04-06 15:30:44',53,135),(136,232,'2022-04-04','2022-04-06 15:40:14','2022-04-06 15:40:14',54,136),(137,102.8,'2022-04-04','2022-04-06 15:40:14','2022-04-06 15:40:14',54,137),(138,428,'2022-04-04','2022-04-06 15:40:14','2022-04-06 15:40:14',54,138),(139,84,'2022-04-04','2022-04-06 15:40:14','2022-04-06 15:40:14',54,139),(140,202,'2022-04-04','2022-04-06 15:40:14','2022-04-06 15:40:14',54,140),(141,407,'2022-04-04','2022-04-06 15:40:14','2022-04-06 15:40:14',54,141),(142,410,'2022-04-04','2022-04-06 15:40:14','2022-04-06 15:40:14',54,142),(143,240,'2022-04-04','2022-04-06 15:40:14','2022-04-06 15:40:14',54,143),(144,116,'2022-04-04','2022-04-06 15:42:25','2022-04-06 15:42:25',55,144),(145,535,'2022-04-04','2022-04-06 15:42:25','2022-04-06 15:42:25',55,145),(146,113,'2022-04-04','2022-04-06 15:52:52','2022-04-06 15:52:52',56,146),(147,58,'2022-04-04','2022-04-06 15:52:52','2022-04-06 15:52:52',56,147),(148,107,'2022-04-04','2022-04-06 15:52:53','2022-04-06 15:52:53',56,148),(149,65,'2022-04-06','2022-04-06 16:08:01','2022-04-06 16:08:01',57,149),(150,23.2,'2022-04-06','2022-04-06 16:08:01','2022-04-06 16:08:01',57,150),(151,174,'2022-04-06','2022-04-06 16:08:01','2022-04-06 16:08:01',57,151),(152,214,'2022-04-06','2022-04-06 16:08:01','2022-04-06 16:08:01',57,152),(153,145,'2022-04-06','2022-04-06 16:08:01','2022-04-06 16:08:01',57,153),(154,4157.9,'2022-04-06','2022-04-06 16:08:01','2022-04-06 16:08:01',57,154),(155,51.4,'2022-04-04','2022-04-06 16:12:32','2022-04-06 16:12:32',58,155),(156,115.2,'2022-04-04','2022-04-06 16:12:32','2022-04-06 16:12:32',58,156),(157,201,'2022-04-04','2022-04-06 16:14:24','2022-04-06 16:14:24',59,157),(158,70,'2022-04-04','2022-04-06 16:14:24','2022-04-06 16:14:24',59,158),(161,250,'2022-04-04','2022-04-06 16:18:44','2022-04-06 16:18:44',61,161),(162,46.4,'2022-04-04','2022-04-06 16:18:44','2022-04-06 16:18:44',61,162),(163,1125,'2022-04-04','2022-04-06 16:23:07','2022-04-06 16:23:07',62,163),(164,1379,'2022-04-04','2022-04-06 16:23:07','2022-04-06 16:23:07',62,164),(165,506,'2022-04-04','2022-04-06 16:28:55','2022-04-06 16:28:55',63,165),(166,380,'2022-04-04','2022-04-06 16:28:55','2022-04-06 16:28:55',63,166),(167,407,'2022-04-04','2022-04-06 16:28:55','2022-04-06 16:28:55',63,167),(168,187,'2022-04-04','2022-04-06 16:28:55','2022-04-06 16:28:55',63,168),(169,65,'2022-04-05','2022-04-06 16:36:53','2022-04-06 16:36:53',64,169),(170,138.88,'2022-04-05','2022-04-06 16:36:53','2022-04-06 16:36:53',64,170),(171,105,'2022-04-05','2022-04-06 16:36:53','2022-04-06 16:36:53',64,171),(172,45,'2022-04-05','2022-04-06 16:36:53','2022-04-06 16:36:53',64,172),(173,145,'2022-04-05','2022-04-06 17:17:08','2022-04-06 17:17:08',65,173),(174,320,'2022-04-05','2022-04-06 17:17:08','2022-04-06 17:17:08',65,174),(175,201,'2022-04-05','2022-04-06 17:19:41','2022-04-06 17:19:41',66,175),(176,70,'2022-04-05','2022-04-06 17:19:41','2022-04-06 17:19:41',66,176),(177,456,'2022-04-05','2022-04-06 17:20:47','2022-04-06 17:20:47',67,177),(178,4224,'2022-04-05','2022-04-06 17:23:12','2022-04-06 17:23:12',68,178),(179,201,'2022-04-05','2022-04-06 17:38:31','2022-04-06 17:38:31',69,179),(180,190,'2022-04-05','2022-04-06 17:38:32','2022-04-06 17:38:32',69,180),(181,45,'2022-04-05','2022-04-06 17:38:32','2022-04-06 17:38:32',69,181),(182,70,'2022-04-05','2022-04-06 17:38:32','2022-04-06 17:38:32',69,182),(183,4224,'2022-04-05','2022-04-06 17:41:52','2022-04-06 17:41:52',70,183),(184,265,'2022-04-05','2022-04-06 17:52:15','2022-04-06 17:52:15',71,184),(185,205,'2022-04-05','2022-04-06 17:52:15','2022-04-06 17:52:15',71,185),(186,130,'2022-04-05','2022-04-06 17:58:10','2022-04-06 17:58:10',72,186),(187,650,'2022-04-05','2022-04-06 18:06:43','2022-04-06 18:06:43',73,187),(189,170,'2022-04-05','2022-04-06 18:12:47','2022-04-06 18:12:47',75,189),(190,85,'2022-04-05','2022-04-06 18:29:06','2022-04-06 18:29:06',76,190),(191,155,'2022-04-05','2022-04-06 18:29:06','2022-04-06 18:29:06',76,191),(192,175,'2022-04-05','2022-04-06 18:44:14','2022-04-06 18:44:14',77,192),(193,265,'2022-04-05','2022-04-06 18:44:14','2022-04-06 18:44:14',77,193),(194,100,'2022-04-05','2022-04-06 18:44:14','2022-04-06 18:44:14',77,194),(198,268,'2022-04-05','2022-04-06 18:49:19','2022-04-06 18:49:19',79,198),(199,352,'2022-04-05','2022-04-06 18:50:53','2022-04-06 18:50:53',80,199),(200,65,'2022-04-06','2022-04-06 18:59:21','2022-04-06 18:59:21',81,200),(201,105,'2022-04-06','2022-04-06 18:59:21','2022-04-06 18:59:21',81,201),(202,158.72,'2022-04-06','2022-04-06 18:59:21','2022-04-06 18:59:21',81,202),(203,3939,'2022-04-06','2022-04-06 18:59:21','2022-04-06 18:59:21',81,203),(204,360,'2022-04-06','2022-04-06 18:59:21','2022-04-06 18:59:21',81,204),(205,433,'2022-04-06','2022-04-06 19:05:05','2022-04-06 19:05:05',82,205),(206,130,'2022-04-06','2022-04-06 19:05:05','2022-04-06 19:05:05',82,206),(207,158.72,'2022-04-06','2022-04-06 19:07:36','2022-04-06 19:07:36',83,207),(208,134,'2022-04-06','2022-04-06 19:07:36','2022-04-06 19:07:36',83,208),(211,120,'2022-04-06','2022-04-06 19:11:47','2022-04-06 19:11:47',85,211),(212,120,'2022-04-06','2022-04-06 19:11:47','2022-04-06 19:11:47',85,212),(213,65.2,'2022-04-06','2022-04-06 19:11:47','2022-04-06 19:11:47',85,213),(214,102,'2022-04-06','2022-04-06 19:11:47','2022-04-06 19:11:47',85,214),(215,321,'2022-04-06','2022-04-06 19:16:05','2022-04-06 19:16:05',86,215),(216,410,'2022-04-06','2022-04-06 19:16:06','2022-04-06 19:16:06',86,216),(217,174,'2022-04-06','2022-04-06 19:16:06','2022-04-06 19:16:06',86,217),(218,155,'2022-04-06','2022-04-06 19:18:55','2022-04-06 19:18:55',87,218),(219,214,'2022-04-06','2022-04-06 19:18:55','2022-04-06 19:18:55',87,219),(220,155,'2022-04-06','2022-04-06 19:18:55','2022-04-06 19:18:55',88,220),(221,214,'2022-04-06','2022-04-06 19:18:55','2022-04-06 19:18:55',88,221),(222,1900,'2022-04-06','2022-04-06 19:20:49','2022-04-06 19:20:49',89,222),(223,8,'2022-04-06','2022-04-06 19:24:50','2022-04-06 19:24:50',90,223),(224,90,'2022-04-06','2022-04-06 19:24:50','2022-04-06 19:24:50',90,224),(225,1250,'2022-04-06','2022-04-06 19:27:19','2022-04-06 19:27:19',91,225),(226,130,'2022-04-06','2022-04-06 19:30:43','2022-04-06 19:30:43',92,226),(227,100,'2022-04-06','2022-04-06 19:30:43','2022-04-06 19:30:43',92,227),(228,350,'2022-04-06','2022-04-06 19:34:38','2022-04-06 19:34:38',93,228),(229,317.44,'2022-04-06','2022-04-06 19:34:38','2022-04-06 19:34:38',93,229),(230,268,'2022-04-06','2022-04-06 19:34:38','2022-04-06 19:34:38',93,230),(231,704,'2022-04-06','2022-04-06 19:41:17','2022-04-06 19:41:17',94,231),(232,352,'2022-04-06','2022-04-06 19:41:17','2022-04-06 19:41:17',94,231),(233,580,'2022-04-06','2022-04-06 19:41:17','2022-04-06 19:41:17',94,232),(234,1515,'2022-04-06','2022-04-06 19:43:17','2022-04-06 19:43:17',95,233),(235,480,'2022-04-07','2022-04-07 09:06:17','2022-04-07 09:06:17',96,234),(236,175,'2022-04-07','2022-04-10 12:03:02','2022-04-10 12:03:02',97,235),(237,65,'2022-04-07','2022-04-10 12:03:02','2022-04-10 12:03:02',97,236),(238,38,'2022-04-07','2022-04-10 12:03:02','2022-04-10 12:03:02',97,237),(239,66,'2022-04-07','2022-04-10 12:03:02','2022-04-10 12:03:02',97,238),(240,520,'2022-04-04','2022-04-10 12:08:48','2022-04-10 12:08:48',98,239),(241,245,'2022-04-07','2022-04-10 12:12:02','2022-04-10 12:12:02',99,240),(243,205,'2022-04-07','2022-04-10 12:12:02','2022-04-10 12:12:02',99,242),(245,306,'2022-04-07','2022-04-10 12:12:02','2022-04-10 12:12:02',99,244),(247,1500,'2022-04-07','2022-04-10 12:13:10','2022-04-10 12:13:10',101,246),(248,535,'2022-04-07','2022-04-10 12:15:52','2022-04-10 12:15:52',102,247),(249,480,'2022-04-07','2022-04-10 12:15:52','2022-04-10 12:15:52',102,248),(250,120,'2022-04-07','2022-04-10 12:24:43','2022-04-10 12:24:43',103,249),(251,115,'2022-04-07','2022-04-10 12:24:43','2022-04-10 12:24:43',103,250),(252,204,'2022-04-07','2022-04-10 12:26:44','2022-04-10 12:26:44',104,251),(253,225,'2022-04-07','2022-04-10 12:26:44','2022-04-10 12:26:44',104,252),(254,51.4,'2022-04-07','2022-04-10 12:26:44','2022-04-10 12:26:44',104,253),(255,210,'2022-04-07','2022-04-10 12:29:33','2022-04-10 12:29:33',105,254),(257,110,'2022-04-07','2022-04-10 12:31:21','2022-04-10 12:31:21',107,256),(258,132,'2022-04-07','2022-04-10 12:31:21','2022-04-10 12:31:21',107,257),(259,13.6,'2022-04-08','2022-04-10 12:34:47','2022-04-10 12:34:47',108,258),(260,474,'2022-04-08','2022-04-10 12:34:47','2022-04-10 12:34:47',108,259),(261,407,'2022-04-08','2022-04-10 12:34:47','2022-04-10 12:34:47',108,260),(262,268,'2022-04-08','2022-04-10 12:39:14','2022-04-10 12:39:14',109,261),(263,317.44,'2022-04-08','2022-04-10 12:39:14','2022-04-10 12:39:14',109,262),(264,100,'2022-04-08','2022-04-10 12:39:14','2022-04-10 12:39:14',109,263),(265,245,'2022-04-08','2022-04-10 12:40:27','2022-04-10 12:40:27',110,264),(266,407,'2022-04-08','2022-04-10 12:40:27','2022-04-10 12:40:27',110,265),(267,154.2,'2022-04-08','2022-04-10 12:47:49','2022-04-10 12:47:49',111,266),(268,230,'2022-04-08','2022-04-10 12:47:49','2022-04-10 12:47:49',111,267),(269,317.44,'2022-04-08','2022-04-10 12:47:49','2022-04-10 12:47:49',111,268),(270,173,'2022-04-08','2022-04-10 12:47:49','2022-04-10 12:47:49',111,269),(271,45,'2022-04-08','2022-04-10 12:47:49','2022-04-10 12:47:49',111,270),(272,134,'2022-04-08','2022-04-10 12:47:49','2022-04-10 12:47:49',111,271),(273,102.8,'2022-04-08','2022-04-10 12:49:41','2022-04-10 12:49:41',112,272),(274,204,'2022-04-08','2022-04-10 12:49:41','2022-04-10 12:49:41',112,273),(275,8,'2022-04-08','2022-04-10 12:49:41','2022-04-10 12:49:41',112,274),(276,116,'2022-04-08','2022-04-10 12:54:14','2022-04-10 12:54:14',113,275),(278,115,'2022-04-08','2022-04-10 12:54:14','2022-04-10 12:54:14',113,277),(281,158.72,'2022-04-08','2022-04-10 12:54:14','2022-04-10 12:54:14',113,280),(285,160,'2022-04-08','2022-04-10 12:54:14','2022-04-10 12:54:14',113,283),(288,100,'2022-04-08','2022-04-10 12:57:50','2022-04-10 12:57:50',116,287),(290,201,'2022-04-08','2022-04-10 12:57:50','2022-04-10 12:57:50',116,289),(292,1500,'2022-04-08','2022-04-10 13:08:06','2022-04-10 13:08:06',118,291),(293,30,'2022-04-08','2022-04-10 13:10:12','2022-04-10 13:10:12',119,292),(294,230,'2022-04-08','2022-04-10 13:10:12','2022-04-10 13:10:12',119,293),(298,410,'2022-04-08','2022-04-10 13:12:57','2022-04-10 13:12:57',121,296),(299,265,'2022-04-08','2022-04-10 13:12:57','2022-04-10 13:12:57',121,297),(300,702,'2022-04-09','2022-04-10 13:15:48','2022-04-10 13:15:48',122,298),(301,480,'2022-04-09','2022-04-10 13:15:48','2022-04-10 13:15:48',122,299),(302,360,'2022-04-09','2022-04-10 13:15:48','2022-04-10 13:15:48',122,300),(303,146.4,'2022-04-10','2022-04-10 13:19:07','2022-04-10 13:19:07',123,301),(304,204,'2022-04-10','2022-04-10 13:19:07','2022-04-10 13:19:07',123,302),(305,186,'2022-04-10','2022-04-10 13:19:07','2022-04-10 13:19:07',123,303),(306,205,'2022-04-10','2022-04-10 13:19:07','2022-04-10 13:19:07',123,304),(307,700,'2022-04-09','2022-04-10 13:22:05','2022-04-10 13:22:05',124,305),(308,607,'2022-04-09','2022-04-10 13:22:05','2022-04-10 13:22:05',124,306),(309,115,'2022-04-09','2022-04-10 13:22:05','2022-04-10 13:22:05',124,307),(310,5250,'2022-04-09','2022-04-10 13:22:05','2022-04-10 13:22:05',124,308),(311,30,'2022-04-09','2022-04-10 13:24:57','2022-04-10 13:24:57',125,309),(312,506,'2022-04-09','2022-04-10 13:37:40','2022-04-10 13:37:40',126,310),(313,506,'2022-04-09','2022-04-10 13:37:40','2022-04-10 13:37:40',127,311),(314,380,'2022-04-09','2022-04-10 13:37:40','2022-04-10 13:37:40',126,312),(315,380,'2022-04-09','2022-04-10 13:37:40','2022-04-10 13:37:40',127,313),(316,507,'2022-04-09','2022-04-10 13:37:40','2022-04-10 13:37:40',126,314),(317,507,'2022-04-09','2022-04-10 13:37:40','2022-04-10 13:37:40',127,315),(318,260,'2022-04-09','2022-04-10 13:37:40','2022-04-10 13:37:40',126,316),(319,260,'2022-04-09','2022-04-10 13:37:40','2022-04-10 13:37:40',127,317),(320,30,'2022-04-09','2022-04-10 13:37:40','2022-04-10 13:37:40',126,318),(321,30,'2022-04-09','2022-04-10 13:37:40','2022-04-10 13:37:40',127,319),(322,204,'2022-04-09','2022-04-10 13:41:49','2022-04-10 13:41:49',128,320),(323,41,'2022-04-09','2022-04-10 13:41:49','2022-04-10 13:41:49',128,321),(324,102.8,'2022-04-09','2022-04-10 13:41:49','2022-04-10 13:41:49',128,322),(325,116,'2022-04-09','2022-04-10 13:41:49','2022-04-10 13:41:49',128,323),(326,60,'2022-04-09','2022-04-10 13:41:49','2022-04-10 13:41:49',128,324),(327,1122,'2022-04-09','2022-04-10 13:42:55','2022-04-10 13:42:55',129,325),(328,168,'2022-04-10','2022-04-10 13:44:12','2022-04-10 13:44:12',130,326),(329,260,'2022-04-10','2022-04-10 13:44:13','2022-04-10 13:44:13',130,327),(330,245,'2022-04-10','2022-04-10 13:45:42','2022-04-10 13:45:42',131,328),(331,407,'2022-04-10','2022-04-10 13:45:42','2022-04-10 13:45:42',131,329),(332,812,'2022-04-10','2022-04-10 13:47:31','2022-04-10 13:47:31',132,330),(333,560,'2022-04-10','2022-04-10 13:47:31','2022-04-10 13:47:31',132,331),(334,918,'2022-04-10','2022-04-10 13:52:24','2022-04-10 13:52:24',133,332),(335,407,'2022-04-10','2022-04-10 13:52:24','2022-04-10 13:52:24',133,333),(336,245,'2022-04-10','2022-04-10 13:52:24','2022-04-10 13:52:24',133,334),(337,471,'2022-04-10','2022-04-10 13:52:24','2022-04-10 13:52:24',133,335),(338,814,'2022-04-10','2022-04-10 13:53:59','2022-04-10 13:53:59',134,336),(339,490,'2022-04-10','2022-04-10 13:53:59','2022-04-10 13:53:59',134,337),(341,816,'2022-04-10','2022-04-10 13:53:59','2022-04-10 13:53:59',134,339),(344,3600,'2022-04-10','2022-04-10 13:57:05','2022-04-10 13:57:05',136,342);
/*!40000 ALTER TABLE `saleprofits` ENABLE KEYS */;
UNLOCK TABLES;

--
-- Table structure for table `sales`
--

DROP TABLE IF EXISTS `sales`;
/*!40101 SET @saved_cs_client     = @@character_set_client */;
/*!40101 SET character_set_client = utf8 */;
CREATE TABLE `sales` (
  `id` int(11) NOT NULL AUTO_INCREMENT,
  `totalAmount` float DEFAULT NULL,
  `discount` float DEFAULT NULL,
  `saleDate` date DEFAULT NULL,
  `bookNumber` varchar(255) DEFAULT NULL,
  `billNumber` varchar(255) DEFAULT NULL,
  `createdAt` datetime NOT NULL,
  `updatedAt` datetime NOT NULL,
  `contactId` int(11) DEFAULT NULL,
  PRIMARY KEY (`id`),
  KEY `contactId` (`contactId`),
  CONSTRAINT `sales_ibfk_1` FOREIGN KEY (`contactId`) REFERENCES `contacts` (`id`) ON DELETE SET NULL ON UPDATE CASCADE
) ENGINE=InnoDB AUTO_INCREMENT=137 DEFAULT CHARSET=utf8;
/*!40101 SET character_set_client = @saved_cs_client */;

--
-- Dumping data for table `sales`
--

LOCK TABLES `sales` WRITE;
/*!40000 ALTER TABLE `sales` DISABLE KEYS */;
INSERT INTO `sales` VALUES (1,4200,0,'2022-04-02','1','1','2022-04-02 15:16:29','2022-04-02 15:16:29',NULL),(2,5950,0,'2022-04-05','1','2','2022-04-05 09:06:20','2022-04-05 09:06:20',60),(3,2100,0,'2022-04-06','01','04','2022-04-06 08:16:06','2022-04-06 08:16:06',NULL),(4,4800,0,'2022-04-01','27','2602','2022-04-06 08:23:29','2022-04-06 08:23:29',68),(5,650,0,'2022-04-01','27','2603','2022-04-06 08:24:30','2022-04-06 08:24:30',NULL),(6,1250,0,'2022-04-01','27','2604','2022-04-06 08:26:07','2022-04-06 08:26:07',NULL),(7,2800,0,'2022-04-01','27','2605','2022-04-06 08:29:40','2022-04-06 08:29:40',NULL),(8,2950,0,'2022-04-01','27','2607','2022-04-06 08:38:54','2022-04-06 08:38:54',NULL),(9,9500,0,'2022-04-01','27','2607','2022-04-06 08:45:57','2022-04-06 08:45:57',23),(10,6000,0,'2022-04-01','27','2608','2022-04-06 08:47:53','2022-04-06 08:47:53',23),(11,2600,0,'2022-04-01','27','2611','2022-04-06 08:52:35','2022-04-06 08:52:35',NULL),(12,7100,0,'2022-04-01','27','2612','2022-04-06 09:18:52','2022-04-06 09:18:52',NULL),(13,2775,0,'2022-04-01','27','2613','2022-04-06 10:22:07','2022-04-06 10:22:07',88),(14,7600,0,'2022-04-06','27','2614','2022-04-06 10:38:47','2022-04-06 10:38:47',38),(15,2800,0,'2022-04-01','27','2614','2022-04-06 10:42:50','2022-04-06 10:42:50',38),(16,1900,0,'2022-04-06','54','645','2022-04-06 10:50:08','2022-04-06 10:50:08',NULL),(17,1300,0,'2022-04-02','27','2615','2022-04-06 10:52:11','2022-04-06 10:52:11',NULL),(18,4500,0,'2022-04-02','27','2616','2022-04-06 10:58:23','2022-04-06 10:58:23',16),(19,9650,0,'2022-04-02','27','2617','2022-04-06 11:09:23','2022-04-06 11:09:23',NULL),(20,8200,0,'2022-04-02','27','2618','2022-04-06 11:21:59','2022-04-06 11:21:59',NULL),(21,1650,0,'2022-04-02','27','2619','2022-04-06 11:24:22','2022-04-06 11:24:22',NULL),(22,1700,0,'2022-04-02','27','2620','2022-04-06 11:28:13','2022-04-06 11:28:13',NULL),(23,800,0,'2022-04-02','27','2622','2022-04-06 11:31:56','2022-04-06 11:31:56',15),(24,1150,0,'2022-04-02','27','2623','2022-04-06 11:35:01','2022-04-06 11:35:01',9),(25,1850,0,'2022-04-02','27','2624','2022-04-06 11:55:23','2022-04-06 11:55:23',NULL),(26,2600,0,'2022-04-02','27','2625','2022-04-06 11:57:11','2022-04-06 11:57:11',NULL),(27,1600,0,'2022-04-02','27','2626','2022-04-06 11:58:20','2022-04-06 11:58:20',NULL),(28,950,0,'2022-04-02','27','2628','2022-04-06 12:02:43','2022-04-06 12:02:43',NULL),(29,1500,0,'2022-04-02','27','2629','2022-04-06 12:07:57','2022-04-06 12:07:57',NULL),(30,5800,0,'2022-04-02','27','2630','2022-04-06 12:14:40','2022-04-06 12:14:40',89),(31,17600,0,'2022-04-03','27','2631','2022-04-06 12:20:53','2022-04-06 12:20:53',65),(32,2770,0,'2022-04-03','27','2632','2022-04-06 12:54:13','2022-04-06 12:54:13',88),(33,11700,0,'2022-04-03','27','2633','2022-04-06 12:58:40','2022-04-06 12:58:40',90),(34,3200,0,'2022-04-03','27','2634','2022-04-06 13:02:36','2022-04-06 13:02:36',NULL),(35,3700,0,'2022-04-03','27','2636','2022-04-06 13:08:25','2022-04-06 13:08:25',NULL),(36,7600,0,'2022-04-03','27','2637','2022-04-06 13:09:46','2022-04-06 13:09:46',NULL),(37,2600,0,'2022-04-03','27','2642','2022-04-06 13:14:47','2022-04-06 13:14:47',NULL),(39,1600,0,'2022-04-03','27','2644','2022-04-06 13:16:27','2022-04-06 13:16:27',16),(40,1200,0,'2022-04-03','27','2645','2022-04-06 13:18:14','2022-04-06 13:18:14',NULL),(41,6500,0,'2022-04-03','27','2665','2022-04-06 13:30:06','2022-04-06 13:30:06',NULL),(42,6500,0,'2022-04-03','27','2665','2022-04-06 13:30:06','2022-04-06 13:30:06',NULL),(43,2200,0,'2022-04-03','27','2646','2022-04-06 14:53:40','2022-04-06 14:53:40',NULL),(44,1800,0,'2022-04-03','27','2647','2022-04-06 14:56:54','2022-04-06 14:56:54',NULL),(45,1600,0,'2022-04-03','27','2648','2022-04-06 15:00:02','2022-04-06 15:00:02',NULL),(46,5650,0,'2022-04-03','27','2649','2022-04-06 15:12:29','2022-04-06 15:12:29',NULL),(47,3800,0,'2022-04-03','27','2650','2022-04-06 15:16:48','2022-04-06 15:16:48',NULL),(48,6800,0,'2022-04-03','27','2652','2022-04-06 15:21:40','2022-04-06 15:21:40',4),(51,5100,0,'2022-04-04','27','2653','2022-04-06 15:24:26','2022-04-06 15:24:26',12),(52,2000,0,'2022-04-04','27','2654','2022-04-06 15:26:04','2022-04-06 15:26:04',11),(53,750,0,'2022-04-04','27','2655','2022-04-06 15:30:44','2022-04-06 15:30:44',91),(54,16100,0,'2022-04-04','27','2656','2022-04-06 15:40:13','2022-04-06 15:40:13',38),(55,8250,0,'2022-04-04','27','2657','2022-04-06 15:42:25','2022-04-06 15:42:25',90),(56,3100,0,'2022-04-04','27','2658','2022-04-06 15:52:52','2022-04-06 15:52:52',14),(57,13800,0,'2022-04-06','27','2660','2022-04-06 16:08:01','2022-04-06 16:08:01',NULL),(58,950,0,'2022-04-04','27','2661','2022-04-06 16:12:32','2022-04-06 16:12:32',NULL),(59,1050,0,'2022-04-04','27','2663','2022-04-06 16:14:24','2022-04-06 16:14:24',16),(61,3600,0,'2022-04-04','27','2663','2022-04-06 16:18:44','2022-04-06 16:18:44',NULL),(62,25375,0,'2022-04-04','27','2665','2022-04-06 16:23:06','2022-04-06 16:23:06',NULL),(63,5400,0,'2022-04-04','27','2666','2022-04-06 16:28:55','2022-04-06 16:28:55',92),(64,3250,0,'2022-04-05','27','2667','2022-04-06 16:36:53','2022-04-06 16:36:53',NULL),(65,2300,0,'2022-04-05','27','2668','2022-04-06 17:17:08','2022-04-06 17:17:08',NULL),(66,1050,0,'2022-04-05','27','69','2022-04-06 17:19:41','2022-04-06 17:19:41',NULL),(67,2100,0,'2022-04-05','27','2670','2022-04-06 17:20:47','2022-04-06 17:20:47',NULL),(68,15600,0,'2022-04-05','27','2671','2022-04-06 17:23:12','2022-04-06 17:23:12',23),(69,2650,0,'2022-04-05','27','2672','2022-04-06 17:38:31','2022-04-06 17:38:31',16),(70,15600,0,'2022-04-05','27','2673','2022-04-06 17:41:52','2022-04-06 17:41:52',87),(71,1300,0,'2022-04-05','27','2674','2022-04-06 17:52:15','2022-04-06 17:52:15',93),(72,600,0,'2022-04-05','27','2675','2022-04-06 17:58:10','2022-04-06 17:58:10',NULL),(73,3000,0,'2022-04-05','27','2676','2022-04-06 18:06:43','2022-04-06 18:06:43',9),(75,900,0,'2022-04-05','27','2677','2022-04-06 18:12:47','2022-04-06 18:12:47',NULL),(76,1100,0,'2022-04-05','27','2678','2022-04-06 18:29:06','2022-04-06 18:29:06',NULL),(77,2000,0,'2022-04-05','27','2679','2022-04-06 18:44:13','2022-04-06 18:44:13',NULL),(79,1100,0,'2022-04-05','27','2680','2022-04-06 18:49:19','2022-04-06 18:49:19',30),(80,1300,0,'2022-04-05','27','2681','2022-04-06 18:50:53','2022-04-06 18:50:53',NULL),(81,23050,0,'2022-04-06','27','2682','2022-04-06 18:59:21','2022-04-06 18:59:21',NULL),(82,2000,0,'2022-04-06','27','2684','2022-04-06 19:05:05','2022-04-06 19:05:05',24),(83,1350,0,'2022-04-06','27','2685','2022-04-06 19:07:36','2022-04-06 19:07:36',37),(85,1900,0,'2022-04-06','27','2686','2022-04-06 19:11:47','2022-04-06 19:11:47',NULL),(86,7400,0,'2022-04-06','27','2687','2022-04-06 19:16:05','2022-04-06 19:16:05',13),(87,1950,0,'2022-04-06','27','88','2022-04-06 19:18:55','2022-04-06 19:18:55',11),(88,1950,0,'2022-04-06','27','88','2022-04-06 19:18:55','2022-04-06 19:18:55',11),(89,9000,0,'2022-04-06','27','2689','2022-04-06 19:20:49','2022-04-06 19:20:49',NULL),(90,2000,0,'2022-04-06','27','2690','2022-04-06 19:24:50','2022-04-06 19:24:50',NULL),(91,7500,0,'2022-04-06','27','2691','2022-04-06 19:27:19','2022-04-06 19:27:19',62),(92,1000,0,'2022-04-06','27','2693','2022-04-06 19:30:43','2022-04-06 19:30:43',NULL),(93,4600,0,'2022-04-06','27','2694','2022-04-06 19:34:38','2022-04-06 19:34:38',32),(94,15400,0,'2022-04-06','27','2695','2022-04-06 19:41:17','2022-04-06 19:41:17',NULL),(95,7500,0,'2022-04-06','27','2696','2022-04-06 19:43:17','2022-04-06 19:43:17',NULL),(96,2700,0,'2022-04-07','1','021','2022-04-07 09:06:17','2022-04-07 09:06:17',60),(97,1900,0,'2022-04-07','28','2701','2022-04-10 12:03:02','2022-04-10 12:03:02',NULL),(98,2400,0,'2022-04-04','28','2703','2022-04-10 12:08:48','2022-04-10 12:08:48',63),(99,2750,0,'2022-04-07','28','2704','2022-04-10 12:12:02','2022-04-10 12:12:02',37),(101,8500,0,'2022-04-07','28','2706','2022-04-10 12:13:10','2022-04-10 12:13:10',NULL),(102,4750,0,'2022-04-07','28','2707','2022-04-10 12:15:52','2022-04-10 12:15:52',13),(103,1500,0,'2022-04-07','28','2708','2022-04-10 12:24:43','2022-04-10 12:24:43',NULL),(104,2250,0,'2022-04-07','28','2709','2022-04-10 12:26:44','2022-04-10 12:26:44',NULL),(105,600,0,'2022-04-07','28','2711','2022-04-10 12:29:33','2022-04-10 12:29:33',NULL),(107,1100,0,'2022-04-07','28','2712','2022-04-10 12:31:20','2022-04-10 12:31:20',NULL),(108,7900,0,'2022-04-08','28','2713','2022-04-10 12:34:47','2022-04-10 12:34:47',9),(109,3100,0,'2022-04-08','28','2714','2022-04-10 12:39:14','2022-04-10 12:39:14',NULL),(110,3000,0,'2022-04-08','28','2715','2022-04-10 12:40:27','2022-04-10 12:40:27',NULL),(111,9650,0,'2022-04-08','28','2716','2022-04-10 12:47:49','2022-04-10 12:47:49',NULL),(112,3000,0,'2022-04-08','28','2717','2022-04-10 12:49:41','2022-04-10 12:49:41',NULL),(113,5450,0,'2022-04-08','28','2718','2022-04-10 12:54:14','2022-04-10 12:54:14',15),(116,1000,0,'2022-04-08','28','2720','2022-04-10 12:57:50','2022-04-10 12:57:50',NULL),(118,17000,0,'2022-04-08','28','2721','2022-04-10 13:08:06','2022-04-10 13:08:06',89),(119,3200,0,'2022-04-08','28','2722','2022-04-10 13:10:12','2022-04-10 13:10:12',NULL),(121,1950,0,'2022-04-08','28','2723','2022-04-10 13:12:57','2022-04-10 13:12:57',4),(122,6550,0,'2022-04-09','28','2724','2022-04-10 13:15:48','2022-04-10 13:15:48',NULL),(123,3950,0,'2022-04-10','28','2725','2022-04-10 13:19:07','2022-04-10 13:19:07',63),(124,55150,0,'2022-04-09','28','2726','2022-04-10 13:22:05','2022-04-10 13:22:05',27),(125,1200,0,'2022-04-09','28','2728','2022-04-10 13:24:57','2022-04-10 13:24:57',38),(126,7300,0,'2022-04-09','28','2729','2022-04-10 13:37:40','2022-04-10 13:37:40',95),(127,7300,0,'2022-04-09','28','2729','2022-04-10 13:37:40','2022-04-10 13:37:40',95),(128,6400,0,'2022-04-09','28','2730','2022-04-10 13:41:49','2022-04-10 13:41:49',NULL),(129,10500,0,'2022-04-09','28','2731','2022-04-10 13:42:54','2022-04-10 13:42:54',NULL),(130,2400,0,'2022-04-10','28','2732','2022-04-10 13:44:12','2022-04-10 13:44:12',NULL),(131,3000,0,'2022-04-10','28','2733','2022-04-10 13:45:41','2022-04-10 13:45:41',NULL),(132,5200,0,'2022-04-10','28','2734','2022-04-10 13:47:31','2022-04-10 13:47:31',90),(133,7401,0,'2022-04-10','28','2735','2022-04-10 13:52:24','2022-04-10 13:52:24',30),(134,8400,0,'2022-04-10','28','2736','2022-04-10 13:53:58','2022-04-10 13:53:58',89),(136,18000,0,'2022-04-10','28','2737','2022-04-10 13:57:05','2022-04-10 13:57:05',4);
/*!40000 ALTER TABLE `sales` ENABLE KEYS */;
UNLOCK TABLES;

--
-- Table structure for table `stockbooks`
--

DROP TABLE IF EXISTS `stockbooks`;
/*!40101 SET @saved_cs_client     = @@character_set_client */;
/*!40101 SET character_set_client = utf8 */;
CREATE TABLE `stockbooks` (
  `id` int(11) NOT NULL AUTO_INCREMENT,
  `date` date DEFAULT NULL,
  `bookNumber` varchar(255) DEFAULT NULL,
  `billNumber` varchar(255) DEFAULT NULL,
  `invoiceNumber` varchar(255) DEFAULT NULL,
  `type` varchar(255) DEFAULT NULL,
  `notes` varchar(255) DEFAULT NULL,
  `amount` float DEFAULT NULL,
  `closing` float DEFAULT NULL,
  `referenceId` int(11) DEFAULT NULL,
  `createdAt` datetime NOT NULL,
  `updatedAt` datetime NOT NULL,
  `productId` int(11) DEFAULT NULL,
  PRIMARY KEY (`id`),
  KEY `productId` (`productId`),
  CONSTRAINT `stockbooks_ibfk_1` FOREIGN KEY (`productId`) REFERENCES `products` (`id`) ON DELETE SET NULL ON UPDATE CASCADE
) ENGINE=InnoDB AUTO_INCREMENT=529 DEFAULT CHARSET=utf8;
/*!40101 SET character_set_client = @saved_cs_client */;

--
-- Dumping data for table `stockbooks`
--

LOCK TABLES `stockbooks` WRITE;
/*!40000 ALTER TABLE `stockbooks` DISABLE KEYS */;
INSERT INTO `stockbooks` VALUES (1,'2022-04-02','','','1','PURCHASE STOCK','',50,50,1,'2022-04-02 15:13:25','2022-04-02 15:13:25',1),(2,'2022-04-02','1','1','','SALE','',-5,45,1,'2022-04-02 15:16:29','2022-04-02 15:16:29',1),(3,'2022-04-02','','','01','MANUAL STOCK','',212,212,2,'2022-04-02 15:46:44','2022-04-02 15:46:44',2),(4,'2022-04-02','','','02','MANUAL STOCK','',5,5,3,'2022-04-02 15:52:54','2022-04-02 15:52:54',3),(5,'2022-04-02','','','02','MANUAL STOCK','',5,10,4,'2022-04-02 15:54:37','2022-04-02 15:54:37',3),(6,'2022-04-02','','','29.20111.0455','MANUAL STOCK','',45,45,5,'2022-04-02 16:10:03','2022-04-02 16:10:03',4),(7,'2022-04-02','','','20-0222-2633','MANUAL STOCK','',100,100,6,'2022-04-02 16:19:47','2022-04-02 16:19:47',5),(8,'2022-04-02','','','20-0222-2633','MANUAL STOCK','',60,60,7,'2022-04-02 16:21:58','2022-04-02 16:21:58',6),(9,'2022-04-02','','','20-0222-2022','MANUAL STOCK','',45,45,8,'2022-04-02 16:24:58','2022-04-02 16:24:58',7),(10,'2022-04-02','','','20-0821-2633','MANUAL STOCK','',7,7,9,'2022-04-02 16:26:43','2022-04-02 16:26:43',8),(11,'2022-04-02','','','20-0821-2583','MANUAL STOCK','',16,16,10,'2022-04-02 16:28:40','2022-04-02 16:28:40',9),(12,'2022-04-02','','','03','MANUAL STOCK','',17,17,11,'2022-04-02 16:37:13','2022-04-02 16:37:13',10),(13,'2022-04-02','','','04','MANUAL STOCK','',24,24,12,'2022-04-02 16:40:38','2022-04-02 16:40:38',11),(14,'2022-04-02','','','873','MANUAL STOCK','',15,15,13,'2022-04-02 16:48:54','2022-04-02 16:48:54',12),(15,'2022-04-02','','','873','MANUAL STOCK','',8,8,14,'2022-04-02 16:52:29','2022-04-02 16:52:29',13),(16,'2022-04-02','','','05','MANUAL STOCK','',4,4,15,'2022-04-02 16:54:04','2022-04-02 16:54:04',14),(17,'2022-04-02','','','1101001492','MANUAL STOCK','',4,4,16,'2022-04-02 16:58:56','2022-04-02 16:58:56',15),(18,'2022-04-02','','','06','MANUAL STOCK','',4,4,17,'2022-04-02 17:04:43','2022-04-02 17:04:43',16),(19,'2022-04-02','','','08','MANUAL STOCK','',14,14,18,'2022-04-02 17:07:25','2022-04-02 17:07:25',17),(20,'2022-04-02','','','09','MANUAL STOCK','',1,1,19,'2022-04-02 17:10:57','2022-04-02 17:10:57',18),(21,'2022-04-02','','','10','MANUAL STOCK','',18,18,20,'2022-04-02 17:12:37','2022-04-02 17:12:37',19),(22,'2022-04-02','','','356','MANUAL STOCK','',4,4,21,'2022-04-02 17:15:01','2022-04-02 17:15:01',20),(23,'2022-04-02','','','11','MANUAL STOCK','',2,2,22,'2022-04-02 17:16:26','2022-04-02 17:16:26',21),(24,'2022-04-02','','','12','MANUAL STOCK','',15,15,23,'2022-04-02 17:17:38','2022-04-02 17:17:38',22),(25,'2022-04-02','','','13','MANUAL STOCK','',1,1,24,'2022-04-02 17:19:40','2022-04-02 17:19:40',23),(26,'2022-04-02','','','989','MANUAL STOCK','',8,8,25,'2022-04-02 17:31:24','2022-04-02 17:31:24',24),(27,'2022-04-02','','','13','MANUAL STOCK','',2,4,26,'2022-04-02 17:33:47','2022-04-02 17:33:47',21),(28,'2022-04-02','','','14','MANUAL STOCK','',1,19,27,'2022-04-02 17:34:23','2022-04-02 17:34:23',19),(29,'2022-04-02','','','15','MANUAL STOCK','',1,5,28,'2022-04-02 17:35:04','2022-04-02 17:35:04',15),(30,'2022-04-02','','','16','MANUAL STOCK','',3,7,29,'2022-04-02 17:35:40','2022-04-02 17:35:40',20),(31,'2022-04-02','','','564','MANUAL STOCK','',2,2,30,'2022-04-02 17:40:43','2022-04-02 17:40:43',25),(32,'2022-04-04','','','2103001158','MANUAL STOCK','',112,112,31,'2022-04-04 09:53:57','2022-04-04 09:53:57',26),(33,'2022-04-04','','','2103001158','MANUAL STOCK','',69,69,32,'2022-04-04 10:01:35','2022-04-04 10:01:35',27),(34,'2022-04-04','','','2103000955','MANUAL STOCK','',15,15,33,'2022-04-04 10:04:08','2022-04-04 10:04:08',28),(35,'2022-04-04','','','2103001357','MANUAL STOCK','',23,23,34,'2022-04-04 10:07:08','2022-04-04 10:07:08',29),(36,'2022-04-04','','','2103001176','MANUAL STOCK','',2,25,35,'2022-04-04 10:08:48','2022-04-04 10:08:48',29),(37,'2022-04-04','','','2103001352','MANUAL STOCK','',111,111,36,'2022-04-04 10:11:39','2022-04-04 10:11:39',30),(38,'2022-04-04','','','2103000955','MANUAL STOCK','',30,30,37,'2022-04-04 10:14:34','2022-04-04 10:14:34',31),(39,'2022-04-04','','','2106000005','MANUAL STOCK','',8,8,38,'2022-04-04 10:18:15','2022-04-04 10:18:15',32),(40,'2022-04-04','','','2103001386','MANUAL STOCK','',76,76,39,'2022-04-04 10:20:54','2022-04-04 10:20:54',33),(41,'2022-04-04','','','2103000183','MANUAL STOCK','',11,11,40,'2022-04-04 10:25:17','2022-04-04 10:25:17',35),(42,'2022-04-04','','','2103000183','MANUAL STOCK','',12,12,41,'2022-04-04 10:30:08','2022-04-04 10:30:08',34),(43,'2022-04-04','','','2103000222','MANUAL STOCK','',17,17,42,'2022-04-04 13:29:17','2022-04-04 13:29:17',36),(44,'2022-04-04','','','2103000197','MANUAL STOCK','',42,42,43,'2022-04-04 13:34:44','2022-04-04 13:34:44',37),(45,'2022-04-04','','','2103000956','MANUAL STOCK','',29,29,44,'2022-04-04 13:39:56','2022-04-04 13:39:56',38),(46,'2022-04-04','','','22103000196','MANUAL STOCK','',41,41,45,'2022-04-04 13:44:27','2022-04-04 13:44:27',39),(47,'2022-04-04','','','2103000222','MANUAL STOCK','',15,15,46,'2022-04-04 13:46:51','2022-04-04 13:46:51',40),(48,'2022-04-04','','','2103001386','MANUAL STOCK','',91,91,47,'2022-04-04 13:51:52','2022-04-04 13:51:52',41),(49,'2022-04-04','','','2103000032','MANUAL STOCK','',85,85,48,'2022-04-04 13:54:48','2022-04-04 13:54:48',42),(50,'2022-04-04','','','2103000576','MANUAL STOCK','',35,35,49,'2022-04-04 13:57:20','2022-04-04 13:57:20',43),(51,'2022-04-04','','','2103001101','MANUAL STOCK','',21,21,50,'2022-04-04 13:59:59','2022-04-04 13:59:59',44),(52,'2022-04-04','','','2103000183','MANUAL STOCK','',16,16,51,'2022-04-04 14:04:36','2022-04-04 14:04:36',45),(53,'2022-04-04','','','2103000702','MANUAL STOCK','',2,2,52,'2022-04-04 14:06:50','2022-04-04 14:06:50',46),(54,'2022-04-04','','','2106000005','MANUAL STOCK','',27,27,53,'2022-04-04 14:17:11','2022-04-04 14:17:11',47),(55,'2022-04-04','','','2103000972','MANUAL STOCK','',75,75,54,'2022-04-04 14:20:55','2022-04-04 14:20:55',70),(56,'2022-04-04','','','2103000182','MANUAL STOCK','',22,22,55,'2022-04-04 14:23:54','2022-04-04 14:23:54',48),(57,'2022-04-04','','','2103001207','MANUAL STOCK','',9,9,56,'2022-04-04 14:27:28','2022-04-04 14:27:28',49),(58,'2022-04-04','','','210301358','MANUAL STOCK','',94,94,57,'2022-04-04 14:31:42','2022-04-04 14:31:42',51),(59,'2022-04-04','','','2103000891','MANUAL STOCK','',4,4,58,'2022-04-04 14:34:46','2022-04-04 14:34:46',52),(60,'2022-04-04','','','1549451','MANUAL STOCK','',3,3,59,'2022-04-04 14:36:40','2022-04-04 14:36:40',53),(61,'2022-04-04','','','1549451','MANUAL STOCK','',3,6,60,'2022-04-04 14:36:40','2022-04-04 14:36:40',53),(62,'2022-04-04','','','2103000182','MANUAL STOCK','',10,10,61,'2022-04-04 14:40:25','2022-04-04 14:40:25',54),(63,'2022-04-04','','','56569','MANUAL STOCK','',3,3,62,'2022-04-04 14:41:53','2022-04-04 14:41:53',55),(64,'2022-04-04','','','2103000045','MANUAL STOCK','',45,45,63,'2022-04-04 14:45:29','2022-04-04 14:45:29',56),(65,'2022-04-04','','','64566','MANUAL STOCK','',1,1,64,'2022-04-04 14:47:12','2022-04-04 14:47:12',57),(66,'2022-04-04','','','6456','MANUAL STOCK','',2,2,65,'2022-04-04 14:48:55','2022-04-04 14:48:55',58),(67,'2022-04-04','','','6598+8','MANUAL STOCK','',2,2,66,'2022-04-04 14:50:26','2022-04-04 14:50:26',59),(68,'2022-04-04','','','2106000005','MANUAL STOCK','',99,99,67,'2022-04-04 14:53:19','2022-04-04 14:53:19',60),(69,'2022-04-04','','','2103000021','MANUAL STOCK','',23,23,68,'2022-04-04 14:55:50','2022-04-04 14:55:50',61),(70,'2022-04-04','','','2103000021','MANUAL STOCK','',55,55,69,'2022-04-04 14:59:31','2022-04-04 14:59:31',63),(71,'2022-04-04','','','2103000045','MANUAL STOCK','',61,61,70,'2022-04-04 15:01:17','2022-04-04 15:01:17',62),(72,'2022-04-04','','','2103000072','MANUAL STOCK','',93,93,71,'2022-04-04 15:03:03','2022-04-04 15:03:03',64),(73,'2022-04-04','','','2103000096','MANUAL STOCK','',6,6,72,'2022-04-04 15:04:42','2022-04-04 15:04:42',66),(74,'2022-04-04','','','2103000097','MANUAL STOCK','',7,7,73,'2022-04-04 15:06:42','2022-04-04 15:06:42',67),(75,'2022-04-04','','','2103000196','MANUAL STOCK','',20,20,74,'2022-04-04 15:09:12','2022-04-04 15:09:12',68),(76,'2022-04-04','','','2103000182','MANUAL STOCK','',1,1,75,'2022-04-04 15:11:22','2022-04-04 15:11:22',50),(77,'2022-04-02','','','2103000265','PURCHASE STOCK','',40,40,2,'2022-04-04 15:17:53','2022-04-04 15:17:53',69),(78,'2022-04-02','','','2103000265','PURCHASE STOCK','',40,42,2,'2022-04-04 15:17:53','2022-04-04 15:17:53',46),(79,'2022-04-02','','','2103000266','PURCHASE STOCK','',40,43,3,'2022-04-04 15:21:56','2022-04-04 15:21:56',55),(80,'2022-04-02','','','2103000266','PURCHASE STOCK','',20,20,4,'2022-04-04 15:25:08','2022-04-04 15:25:08',71),(81,'2022-04-04','','','2103000272','PURCHASE STOCK','',60,75,5,'2022-04-04 15:30:21','2022-04-04 15:30:21',40),(82,'2022-04-04','','','465465','MANUAL STOCK','',8,8,81,'2022-04-04 16:01:13','2022-04-04 16:01:13',72),(83,'2022-04-05','1','2','','SALE','',-7,38,2,'2022-04-05 09:06:20','2022-04-05 09:06:20',1),(84,'2022-04-05','','','10000484','MANUAL STOCK','',144,144,82,'2022-04-05 09:10:36','2022-04-05 09:10:36',117),(85,'2022-04-05','','','10001126','MANUAL STOCK','',5,5,83,'2022-04-05 09:13:53','2022-04-05 09:13:53',113),(86,'2022-04-05','','','10004465','MANUAL STOCK','',6,6,84,'2022-04-05 09:17:07','2022-04-05 09:17:07',115),(87,'2022-04-05','','','10004395','MANUAL STOCK','',5,5,85,'2022-04-05 09:20:14','2022-04-05 09:20:14',139),(88,'2022-04-05','','','10000547','MANUAL STOCK','',17,17,86,'2022-04-05 09:22:55','2022-04-05 09:22:55',116),(89,'2022-04-05','','','10001068','MANUAL STOCK','',13,13,87,'2022-04-05 09:29:02','2022-04-05 09:29:02',141),(90,'2022-04-05','','','10004243','MANUAL STOCK','',48,48,88,'2022-04-05 09:37:51','2022-04-05 09:37:51',114),(91,'2022-04-05','','','10001068','MANUAL STOCK','',54,54,89,'2022-04-05 09:41:03','2022-04-05 09:41:03',125),(92,'2022-04-05','','','10001031','MANUAL STOCK','',37,37,90,'2022-04-05 09:45:46','2022-04-05 09:45:46',126),(93,'2022-04-05','','','10004242','MANUAL STOCK','',60,60,91,'2022-04-05 09:48:54','2022-04-05 09:48:54',120),(94,'2022-04-05','','','1000127','MANUAL STOCK','',95,95,92,'2022-04-05 09:51:46','2022-04-05 09:51:46',140),(95,'2022-04-05','','','10001071','MANUAL STOCK','',11,11,93,'2022-04-05 09:55:56','2022-04-05 09:55:56',124),(96,'2022-04-05','','','10000215','MANUAL STOCK','',53,53,94,'2022-04-05 09:58:56','2022-04-05 09:58:56',128),(97,'2022-04-05','','','10001068','MANUAL STOCK','',47,47,95,'2022-04-05 10:01:15','2022-04-05 10:01:15',127),(98,'2022-04-05','','','10004242','MANUAL STOCK','',89,89,96,'2022-04-05 10:04:28','2022-04-05 10:04:28',129),(99,'2022-04-05','','','10004243','MANUAL STOCK','',10,10,97,'2022-04-05 10:09:58','2022-04-05 10:09:58',142),(100,'2022-04-05','','','1000071','MANUAL STOCK','',90,90,98,'2022-04-05 10:17:20','2022-04-05 10:17:20',143),(101,'2022-04-05','','','1000894','MANUAL STOCK','',7,7,99,'2022-04-05 11:22:43','2022-04-05 11:22:43',111),(102,'2022-04-05','','','10001227','MANUAL STOCK','',17,17,100,'2022-04-05 11:25:46','2022-04-05 11:25:46',131),(103,'2022-04-05','','','10000710','MANUAL STOCK','',15,15,101,'2022-04-05 11:29:31','2022-04-05 11:29:31',132),(104,'2022-04-05','','','10000592','MANUAL STOCK','',17,17,102,'2022-04-05 11:33:03','2022-04-05 11:33:03',123),(105,'2022-04-05','','','10000592','MANUAL STOCK','',12,12,103,'2022-04-05 11:36:47','2022-04-05 11:36:47',122),(106,'2022-04-05','','','10001031','MANUAL STOCK','',19,19,104,'2022-04-05 11:41:17','2022-04-05 11:41:17',121),(107,'2022-04-05','','','10001071','MANUAL STOCK','',11,11,105,'2022-04-05 11:43:10','2022-04-05 11:43:10',133),(108,'2022-04-05','','','10000737','MANUAL STOCK','',400,400,106,'2022-04-05 11:54:22','2022-04-05 11:54:22',118),(109,'2022-04-05','','','10001031','MANUAL STOCK','',13,13,107,'2022-04-05 11:58:17','2022-04-05 11:58:17',119),(110,'2022-04-05','','','10000643','MANUAL STOCK','',8,8,108,'2022-04-05 12:00:24','2022-04-05 12:00:24',130),(111,'2022-04-05','','','110007','MANUAL STOCK','',174,174,109,'2022-04-05 12:36:52','2022-04-05 12:36:52',94),(112,'2022-04-05','','','110009','MANUAL STOCK','',207,207,110,'2022-04-05 12:40:14','2022-04-05 12:40:14',109),(113,'2022-04-05','','','105794','MANUAL STOCK','',14,14,111,'2022-04-05 12:45:51','2022-04-05 12:45:51',144),(114,'2022-04-05','','','101036','MANUAL STOCK','',12,12,112,'2022-04-05 12:47:55','2022-04-05 12:47:55',97),(115,'2022-04-05','','','108221','MANUAL STOCK','',7,7,113,'2022-04-05 12:54:58','2022-04-05 12:54:58',92),(116,'2022-04-05','','','105304','MANUAL STOCK','',22,22,114,'2022-04-05 12:57:58','2022-04-05 12:57:58',101),(117,'2022-04-05','','','104451','MANUAL STOCK','',57,57,115,'2022-04-05 13:01:20','2022-04-05 13:01:20',98),(118,'2022-04-05','','','104451','MANUAL STOCK','',20,20,116,'2022-04-05 13:05:35','2022-04-05 13:05:35',90),(119,'2022-04-05','','','1082221','MANUAL STOCK','',20,20,117,'2022-04-05 13:08:03','2022-04-05 13:08:03',104),(120,'2022-04-05','','','108224','MANUAL STOCK','',8,8,118,'2022-04-05 13:11:42','2022-04-05 13:11:42',102),(121,'2022-04-05','','','104451','MANUAL STOCK','',63,63,119,'2022-04-05 13:15:11','2022-04-05 13:15:11',95),(122,'2022-04-05','','','109980','MANUAL STOCK','',100,100,120,'2022-04-05 13:19:12','2022-04-05 13:19:12',108),(123,'2022-04-05','','','109980','MANUAL STOCK','',91,91,121,'2022-04-05 13:22:38','2022-04-05 13:22:38',107),(124,'2022-04-05','','','104452','MANUAL STOCK','',20,20,122,'2022-04-05 13:26:04','2022-04-05 13:26:04',100),(125,'2022-04-05','','','99579','MANUAL STOCK','',6,6,123,'2022-04-05 13:32:25','2022-04-05 13:32:25',145),(126,'2022-04-05','','','102408','MANUAL STOCK','',2,2,124,'2022-04-05 13:36:19','2022-04-05 13:36:19',93),(127,'2022-04-05','','','110744','MANUAL STOCK','',75,75,125,'2022-04-05 13:38:21','2022-04-05 13:38:21',110),(128,'2022-04-05','','','110168','MANUAL STOCK','',40,40,126,'2022-04-05 13:41:21','2022-04-05 13:41:21',105),(129,'2022-04-05','','','104098','MANUAL STOCK','',20,20,127,'2022-04-05 13:44:58','2022-04-05 13:44:58',96),(130,'2022-04-05','','','108388','MANUAL STOCK','',1,1,128,'2022-04-05 13:47:50','2022-04-05 13:47:50',146),(131,'2022-04-05','','','104452','MANUAL STOCK','',6,6,129,'2022-04-05 13:52:14','2022-04-05 13:52:14',103),(132,'2022-04-05','','','99429','MANUAL STOCK','',32,32,130,'2022-04-05 13:55:50','2022-04-05 13:55:50',99),(133,'2022-04-05','','','101036','MANUAL STOCK','',1,1,131,'2022-04-05 14:01:12','2022-04-05 14:01:12',147),(134,'2022-04-05','','','6948498','MANUAL STOCK','',8,8,132,'2022-04-05 14:02:45','2022-04-05 14:02:45',106),(135,'2022-04-05','','','106415','MANUAL STOCK','',1,1,133,'2022-04-05 14:06:54','2022-04-05 14:06:54',148),(136,'2022-04-05','','','107252','MANUAL STOCK','',3,3,134,'2022-04-05 14:09:15','2022-04-05 14:09:15',91),(137,'2022-04-05','','','109980','MANUAL STOCK','',2,2,135,'2022-04-05 14:13:09','2022-04-05 14:13:09',149),(138,'2022-04-05','','','102619','MANUAL STOCK','',1,1,136,'2022-04-05 14:16:31','2022-04-05 14:16:31',150),(139,'2022-04-05','','','59985','MANUAL STOCK','',8,8,137,'2022-04-05 14:21:35','2022-04-05 14:21:35',151),(140,'2022-04-05','','','2656','MANUAL STOCK','',3,3,138,'2022-04-05 14:26:55','2022-04-05 14:26:55',152),(141,'2022-04-05','','','65512','MANUAL STOCK','',4,4,139,'2022-04-05 14:52:34','2022-04-05 14:52:34',154),(142,'2022-04-05','','','65456','MANUAL STOCK','',10,10,140,'2022-04-05 14:56:36','2022-04-05 14:56:36',153),(143,'2022-04-05','','','492','MANUAL STOCK','',6,6,141,'2022-04-05 15:01:59','2022-04-05 15:01:59',155),(144,'2022-04-05','','','915','MANUAL STOCK','',7,7,142,'2022-04-05 15:04:09','2022-04-05 15:04:09',156),(145,'2022-04-05','','','915','MANUAL STOCK','',7,14,143,'2022-04-05 15:04:09','2022-04-05 15:04:09',156),(146,'2022-04-05','','','656655','MANUAL STOCK','',1,1,144,'2022-04-05 15:46:14','2022-04-05 15:46:14',157),(147,'2022-04-05','','','68476','MANUAL STOCK','',42,42,145,'2022-04-05 15:55:48','2022-04-05 15:55:48',162),(148,'2022-04-05','','','6468465','MANUAL STOCK','',28,28,146,'2022-04-05 16:05:16','2022-04-05 16:05:16',163),(149,'2022-04-05','','','64541365','MANUAL STOCK','',2,2,147,'2022-04-05 16:15:56','2022-04-05 16:15:56',77),(150,'2022-04-05','','','345465','MANUAL STOCK','',42,42,148,'2022-04-05 16:17:53','2022-04-05 16:17:53',76),(151,'2022-04-05','','','654656','MANUAL STOCK','',14,14,149,'2022-04-05 16:21:20','2022-04-05 16:21:20',83),(152,'2022-04-05','','','87C7127379','MANUAL STOCK','',82,82,150,'2022-04-05 16:28:11','2022-04-05 16:28:11',164),(153,'2022-04-05','','','87C7125913','MANUAL STOCK','',36,36,151,'2022-04-05 16:31:27','2022-04-05 16:31:27',79),(154,'2022-04-05','','','645365456','MANUAL STOCK','',8,8,152,'2022-04-05 16:34:50','2022-04-05 16:34:50',78),(155,'2022-04-05','','','87C7104156','MANUAL STOCK','',304,304,153,'2022-04-05 16:37:14','2022-04-05 16:37:14',81),(156,'2022-04-05','','','87C7122892','MANUAL STOCK','',126,126,154,'2022-04-05 16:42:08','2022-04-05 16:42:08',85),(157,'2022-04-05','','','87C7108435','MANUAL STOCK','',97,97,155,'2022-04-05 16:45:11','2022-04-05 16:45:11',75),(158,'2022-04-05','','','87C7108435','MANUAL STOCK','',41,41,156,'2022-04-05 16:50:56','2022-04-05 16:50:56',87),(159,'2022-04-05','','','87C7125913','MANUAL STOCK','',191,199,157,'2022-04-05 16:53:27','2022-04-05 16:53:27',78),(160,'2022-04-05','','','87C7122159','MANUAL STOCK','',1,1,158,'2022-04-05 16:55:43','2022-04-05 16:55:43',86),(161,'2022-04-05','','','654365468','MANUAL STOCK','',10,46,159,'2022-04-05 16:58:14','2022-04-05 16:58:14',79),(162,'2022-04-05','','','93741','MANUAL STOCK','',40,40,160,'2022-04-05 18:03:16','2022-04-05 18:03:16',165),(163,'2022-04-05','','','94980','MANUAL STOCK','',26,30,161,'2022-04-05 18:06:07','2022-04-05 18:06:07',16),(164,'2022-04-05','','','97642','MANUAL STOCK','',16,18,162,'2022-04-05 18:11:51','2022-04-05 18:11:51',149),(165,'2022-04-05','','','93440','MANUAL STOCK','',20,32,163,'2022-04-05 18:16:03','2022-04-05 18:16:03',97),(166,'2022-04-06','','','68445','MANUAL STOCK','',35,35,164,'2022-04-06 07:45:46','2022-04-06 07:45:46',134),(167,'2022-04-06','','','6767','MANUAL STOCK','',22,22,165,'2022-04-06 07:48:46','2022-04-06 07:48:46',136),(168,'2022-04-06','','','9889','MANUAL STOCK','',14,14,166,'2022-04-06 07:49:56','2022-04-06 07:49:56',135),(169,'2022-04-06','','','68956','MANUAL STOCK','',35,35,167,'2022-04-06 07:54:55','2022-04-06 07:54:55',137),(170,'2022-04-06','','','9+87','MANUAL STOCK','',40,40,168,'2022-04-06 07:55:41','2022-04-06 07:55:41',138),(171,'2022-04-06','01','04','','SALE','',-3,209,3,'2022-04-06 08:16:06','2022-04-06 08:16:06',2),(172,'2022-04-01','27','2602','','SALE','',-2,2,4,'2022-04-06 08:23:29','2022-04-06 08:23:29',154),(173,'2022-04-01','27','2603','','SALE','',-1,7,5,'2022-04-06 08:24:30','2022-04-06 08:24:30',32),(174,'2022-04-01','27','2604','','SALE','',-1,111,6,'2022-04-06 08:26:07','2022-04-06 08:26:07',26),(175,'2022-04-01','27','2604','','SALE','',-1,44,6,'2022-04-06 08:26:07','2022-04-06 08:26:07',7),(176,'2022-04-01','27','2605','','SALE','',-1,15,7,'2022-04-06 08:29:41','2022-04-06 08:29:41',45),(177,'2022-04-01','27','2605','','SALE','',-2,205,7,'2022-04-06 08:29:41','2022-04-06 08:29:41',109),(178,'2022-04-01','27','2605','','SALE','',-1,40,7,'2022-04-06 08:29:41','2022-04-06 08:29:41',39),(179,'2022-04-01','27','2607','','SALE','',-1,14,8,'2022-04-06 08:38:54','2022-04-06 08:38:54',45),(180,'2022-04-01','27','2607','','SALE','',-1,99,8,'2022-04-06 08:38:54','2022-04-06 08:38:54',108),(181,'2022-04-01','27','2607','','SALE','',-2,38,8,'2022-04-06 08:38:54','2022-04-06 08:38:54',39),(182,'2022-04-01','27','2607','','SALE','',-1,74,8,'2022-04-06 08:38:54','2022-04-06 08:38:54',40),(183,'2022-04-01','27','2607','','SALE','',-9,33,9,'2022-04-06 08:45:57','2022-04-06 08:45:57',37),(184,'2022-04-01','27','2607','','SALE','',-2,44,9,'2022-04-06 08:45:57','2022-04-06 08:45:57',79),(185,'2022-04-01','27','2607','','SALE','',-1,110,9,'2022-04-06 08:45:57','2022-04-06 08:45:57',26),(186,'2022-04-01','27','2607','','SALE','',-1,68,9,'2022-04-06 08:45:57','2022-04-06 08:45:57',27),(187,'2022-04-01','27','2607','','SALE','',-1,16,9,'2022-04-06 08:45:57','2022-04-06 08:45:57',36),(188,'2022-04-01','27','2608','','SALE','',-10,89,10,'2022-04-06 08:47:53','2022-04-06 08:47:53',60),(189,'2022-04-01','27','2611','','SALE','',-1,4,11,'2022-04-06 08:52:35','2022-04-06 08:52:35',113),(190,'2022-04-01','27','2611','','SALE','',-1,88,11,'2022-04-06 08:52:35','2022-04-06 08:52:35',129),(191,'2022-04-01','27','2612','','SALE','',-1,98,12,'2022-04-06 09:18:52','2022-04-06 09:18:52',108),(192,'2022-04-01','27','2612','','SALE','',-3,37,12,'2022-04-06 09:18:52','2022-04-06 09:18:52',105),(193,'2022-04-01','27','2612','','SALE','',-1,109,12,'2022-04-06 09:18:52','2022-04-06 09:18:52',26),(194,'2022-04-01','27','2612','','SALE','',-1,67,12,'2022-04-06 09:18:52','2022-04-06 09:18:52',27),(195,'2022-04-01','27','2612','','SALE','',-2,33,12,'2022-04-06 09:18:52','2022-04-06 09:18:52',43),(196,'2022-04-01','27','2613','','SALE','',-1,53,13,'2022-04-06 10:22:07','2022-04-06 10:22:07',125),(197,'2022-04-01','27','2613','','SALE','',-1,59,13,'2022-04-06 10:22:07','2022-04-06 10:22:07',120),(198,'2022-04-01','27','2613','','SALE','',-1,46,13,'2022-04-06 10:22:07','2022-04-06 10:22:07',127),(199,'2022-04-06','27','2614','','SALE','',-4,70,14,'2022-04-06 10:38:47','2022-04-06 10:38:47',40),(200,'2022-04-06','27','2614','','SALE','',-4,34,14,'2022-04-06 10:38:47','2022-04-06 10:38:47',39),(201,'2022-04-06','27','2614','','SALE','',-4,29,14,'2022-04-06 10:38:47','2022-04-06 10:38:47',37),(202,'2022-04-06','27','2614','','SALE','',-1,24,14,'2022-04-06 10:38:47','2022-04-06 10:38:47',29),(203,'2022-04-06','27','2614','','SALE','',-1,74,14,'2022-04-06 10:38:47','2022-04-06 10:38:47',70),(204,'2022-04-01','27','2614','','SALE','',-1,73,15,'2022-04-06 10:42:50','2022-04-06 10:42:50',70),(205,'2022-04-01','27','2614','','SALE','',-1,23,15,'2022-04-06 10:42:50','2022-04-06 10:42:50',29),(206,'2022-04-06','54','645','','SALE','',-2,36,16,'2022-04-06 10:50:08','2022-04-06 10:50:08',1),(207,'2022-04-02','27','2615','','SALE','',-1,13,17,'2022-04-06 10:52:11','2022-04-06 10:52:11',45),(208,'2022-04-02','27','2616','','SALE','',-1,10,18,'2022-04-06 10:58:23','2022-04-06 10:58:23',133),(209,'2022-04-02','27','2616','','SALE','',-1,45,18,'2022-04-06 10:58:23','2022-04-06 10:58:23',127),(210,'2022-04-02','27','2616','','SALE','',-2,11,18,'2022-04-06 10:58:23','2022-04-06 10:58:23',45),(211,'2022-04-02','27','2617','','SALE','',-2,71,19,'2022-04-06 11:09:23','2022-04-06 11:09:23',70),(212,'2022-04-02','27','2617','','SALE','',-1,22,19,'2022-04-06 11:09:23','2022-04-06 11:09:23',29),(213,'2022-04-02','27','2617','','SALE','',-1,66,19,'2022-04-06 11:09:23','2022-04-06 11:09:23',27),(214,'2022-04-02','27','2617','','SALE','',-2,27,19,'2022-04-06 11:09:23','2022-04-06 11:09:23',37),(215,'2022-04-02','27','2617','','SALE','',-2,68,19,'2022-04-06 11:09:23','2022-04-06 11:09:23',40),(216,'2022-04-02','27','2617','','SALE','',-1,41,19,'2022-04-06 11:09:23','2022-04-06 11:09:23',46),(217,'2022-04-02','27','2617','','SALE','',-2,20,19,'2022-04-06 11:09:23','2022-04-06 11:09:23',48),(218,'2022-04-02','27','2617','','SALE','',-1,19,19,'2022-04-06 11:09:23','2022-04-06 11:09:23',68),(219,'2022-04-02','27','2617','','SALE','',-2,6,19,'2022-04-06 11:09:23','2022-04-06 11:09:23',130),(220,'2022-04-02','27','2618','','SALE','',-1,40,20,'2022-04-06 11:21:59','2022-04-06 11:21:59',46),(221,'2022-04-02','27','2618','','SALE','',-5,63,20,'2022-04-06 11:21:59','2022-04-06 11:21:59',40),(222,'2022-04-02','27','2618','','SALE','',-4,2,20,'2022-04-06 11:21:59','2022-04-06 11:21:59',130),(223,'2022-04-02','27','2618','','SALE','',-1,19,20,'2022-04-06 11:21:59','2022-04-06 11:21:59',48),(224,'2022-04-02','27','2618','','SALE','',-1,29,20,'2022-04-06 11:21:59','2022-04-06 11:21:59',31),(225,'2022-04-02','27','2618','','SALE','',-1,84,20,'2022-04-06 11:21:59','2022-04-06 11:21:59',42),(226,'2022-04-02','27','2618','','SALE','',-3,40,20,'2022-04-06 11:21:59','2022-04-06 11:21:59',55),(227,'2022-04-02','27','2619','','SALE','',-1,204,21,'2022-04-06 11:24:22','2022-04-06 11:24:22',109),(228,'2022-04-02','27','2619','','SALE','',-1,97,21,'2022-04-06 11:24:22','2022-04-06 11:24:22',108),(229,'2022-04-02','27','2619','','SALE','',-1,173,21,'2022-04-06 11:24:22','2022-04-06 11:24:22',94),(230,'2022-04-02','27','2620','','SALE','',-1,108,22,'2022-04-06 11:28:13','2022-04-06 11:28:13',26),(231,'2022-04-02','27','2620','','SALE','',-1,65,22,'2022-04-06 11:28:13','2022-04-06 11:28:13',27),(232,'2022-04-02','27','2620','','SALE','',-1,1,22,'2022-04-06 11:28:13','2022-04-06 11:28:13',130),(233,'2022-04-02','27','2622','','SALE','',-1,172,23,'2022-04-06 11:31:56','2022-04-06 11:31:56',94),(234,'2022-04-02','27','2623','','SALE','',-1,28,24,'2022-04-06 11:35:01','2022-04-06 11:35:01',31),(235,'2022-04-02','27','2623','','SALE','',-1,14,24,'2022-04-06 11:35:01','2022-04-06 11:35:01',28),(236,'2022-04-02','27','2623','','SALE','',-1,33,24,'2022-04-06 11:35:01','2022-04-06 11:35:01',39),(237,'2022-04-06','','','545446','MANUAL STOCK','',7,8,169,'2022-04-06 11:51:48','2022-04-06 11:51:48',130),(238,'2022-04-02','27','2624','','SALE','',-1,171,25,'2022-04-06 11:55:23','2022-04-06 11:55:23',94),(239,'2022-04-02','27','2624','','SALE','',-1,203,25,'2022-04-06 11:55:23','2022-04-06 11:55:23',109),(240,'2022-04-02','27','2624','','SALE','',-1,96,25,'2022-04-06 11:55:23','2022-04-06 11:55:23',108),(241,'2022-04-02','27','2624','','SALE','',-1,26,25,'2022-04-06 11:55:23','2022-04-06 11:55:23',37),(242,'2022-04-02','27','2625','','SALE','',-1,21,26,'2022-04-06 11:57:11','2022-04-06 11:57:11',29),(243,'2022-04-02','27','2625','','SALE','',-1,70,26,'2022-04-06 11:57:12','2022-04-06 11:57:12',70),(244,'2022-04-02','27','2626','','SALE','',-2,89,27,'2022-04-06 11:58:20','2022-04-06 11:58:20',107),(245,'2022-04-02','27','2628','','SALE','',-1,62,28,'2022-04-06 12:02:43','2022-04-06 12:02:43',40),(246,'2022-04-02','27','2628','','SALE','',-1,32,28,'2022-04-06 12:02:43','2022-04-06 12:02:43',39),(247,'2022-04-02','27','2629','','SALE','',-2,11,29,'2022-04-06 12:07:57','2022-04-06 12:07:57',119),(248,'2022-04-02','27','2629','','SALE','',-2,24,29,'2022-04-06 12:07:57','2022-04-06 12:07:57',37),(249,'2022-04-02','27','2630','','SALE','',-4,199,30,'2022-04-06 12:14:40','2022-04-06 12:14:40',109),(250,'2022-04-02','27','2630','','SALE','',-6,57,30,'2022-04-06 12:14:40','2022-04-06 12:14:40',95),(251,'2022-04-03','27','2631','','SALE','',-10,6,31,'2022-04-06 12:20:53','2022-04-06 12:20:53',36),(252,'2022-04-03','27','2631','','SALE','',-5,16,31,'2022-04-06 12:20:53','2022-04-06 12:20:53',29),(253,'2022-04-03','27','2631','','SALE','',-2,197,31,'2022-04-06 12:20:53','2022-04-06 12:20:53',109),(254,'2022-04-03','27','2632','','SALE','',-1,36,32,'2022-04-06 12:54:13','2022-04-06 12:54:13',126),(255,'2022-04-03','27','2632','','SALE','',-1,18,32,'2022-04-06 12:54:13','2022-04-06 12:54:13',121),(256,'2022-04-03','27','2632','','SALE','',-4,91,32,'2022-04-06 12:54:13','2022-04-06 12:54:13',140),(257,'2022-04-03','27','2633','','SALE','',-4,66,33,'2022-04-06 12:58:40','2022-04-06 12:58:40',70),(258,'2022-04-03','27','2633','','SALE','',-4,12,33,'2022-04-06 12:58:40','2022-04-06 12:58:40',29),(259,'2022-04-03','27','2633','','SALE','',-1,107,33,'2022-04-06 12:58:40','2022-04-06 12:58:40',26),(260,'2022-04-03','27','2633','','SALE','',-1,64,33,'2022-04-06 12:58:40','2022-04-06 12:58:40',27),(261,'2022-04-03','27','2634','','SALE','',-1,170,34,'2022-04-06 13:02:36','2022-04-06 13:02:36',94),(262,'2022-04-03','27','2634','','SALE','',-1,196,34,'2022-04-06 13:02:36','2022-04-06 13:02:36',109),(263,'2022-04-03','27','2634','','SALE','',-1,36,34,'2022-04-06 13:02:36','2022-04-06 13:02:36',105),(264,'2022-04-03','27','2634','','SALE','',-1,6,34,'2022-04-06 13:02:36','2022-04-06 13:02:36',32),(265,'2022-04-03','27','2636','','SALE','',-3,42,35,'2022-04-06 13:08:25','2022-04-06 13:08:25',127),(266,'2022-04-03','27','2636','','SALE','',-2,34,35,'2022-04-06 13:08:25','2022-04-06 13:08:25',105),(267,'2022-04-03','27','2637','','SALE','',-1,0,36,'2022-04-06 13:09:46','2022-04-06 13:09:46',146),(268,'2022-04-03','27','2642','','SALE','',-2,32,37,'2022-04-06 13:14:47','2022-04-06 13:14:47',105),(270,'2022-04-03','27','2644','','SALE','',-1,17,39,'2022-04-06 13:16:27','2022-04-06 13:16:27',121),(271,'2022-04-03','27','2644','','SALE','',-1,35,39,'2022-04-06 13:16:27','2022-04-06 13:16:27',126),(272,'2022-04-03','27','2644','','SALE','',-1,87,39,'2022-04-06 13:16:27','2022-04-06 13:16:27',129),(273,'2022-04-03','27','2645','','SALE','',-2,55,40,'2022-04-06 13:18:14','2022-04-06 13:18:14',95),(274,'2022-04-06','','','5656','MANUAL STOCK','',1187,1187,170,'2022-04-06 13:22:14','2022-04-06 13:22:14',159),(275,'2022-04-03','27','2665','','SALE','',-2,1185,41,'2022-04-06 13:30:06','2022-04-06 13:30:06',159),(276,'2022-04-03','27','2665','','SALE','',-2,1183,42,'2022-04-06 13:30:07','2022-04-06 13:30:07',159),(277,'2022-04-03','27','2665','','SALE','',-1,19,41,'2022-04-06 13:30:07','2022-04-06 13:30:07',100),(278,'2022-04-03','27','2665','','SALE','',-1,18,42,'2022-04-06 13:30:07','2022-04-06 13:30:07',100),(279,'2022-04-03','27','2665','','SALE','',-2,53,41,'2022-04-06 13:30:07','2022-04-06 13:30:07',95),(280,'2022-04-03','27','2665','','SALE','',-2,51,42,'2022-04-06 13:30:07','2022-04-06 13:30:07',95),(281,'2022-04-03','27','2665','','SALE','',-1,88,41,'2022-04-06 13:30:07','2022-04-06 13:30:07',107),(282,'2022-04-03','27','2665','','SALE','',-1,87,42,'2022-04-06 13:30:07','2022-04-06 13:30:07',107),(283,'2022-04-03','27','2646','','SALE','',-2,95,43,'2022-04-06 14:53:40','2022-04-06 14:53:40',75),(284,'2022-04-03','27','2647','','SALE','',-2,22,44,'2022-04-06 14:56:54','2022-04-06 14:56:54',37),(285,'2022-04-03','27','2647','','SALE','',-2,49,44,'2022-04-06 14:56:54','2022-04-06 14:56:54',95),(286,'2022-04-03','27','2648','','SALE','',-1,0,45,'2022-04-06 15:00:02','2022-04-06 15:00:02',86),(287,'2022-04-03','27','2649','','SALE','',-3,46,46,'2022-04-06 15:12:29','2022-04-06 15:12:29',95),(288,'2022-04-03','27','2649','','SALE','',-3,27,46,'2022-04-06 15:12:29','2022-04-06 15:12:29',105),(289,'2022-04-03','27','2649','','SALE','',-1,21,46,'2022-04-06 15:12:29','2022-04-06 15:12:29',37),(290,'2022-04-03','27','2650','','SALE','',-1,31,47,'2022-04-06 15:16:48','2022-04-06 15:16:48',39),(291,'2022-04-03','27','2650','','SALE','',-1,27,47,'2022-04-06 15:16:48','2022-04-06 15:16:48',31),(292,'2022-04-03','27','2650','','SALE','',-3,14,47,'2022-04-06 15:16:48','2022-04-06 15:16:48',123),(293,'2022-04-03','27','2650','','SALE','',-1,15,47,'2022-04-06 15:16:48','2022-04-06 15:16:48',9),(294,'2022-04-03','27','2652','','SALE','',-2,4,48,'2022-04-06 15:21:40','2022-04-06 15:21:40',155),(296,'2022-04-03','27','2652','','SALE','',-1,43,48,'2022-04-06 15:21:40','2022-04-06 15:21:40',79),(300,'2022-04-04','27','2653','','SALE','',-2,10,51,'2022-04-06 15:24:26','2022-04-06 15:24:26',29),(301,'2022-04-04','27','2653','','SALE','',-2,64,51,'2022-04-06 15:24:26','2022-04-06 15:24:26',70),(302,'2022-04-04','27','2654','','SALE','',-1,198,52,'2022-04-06 15:26:04','2022-04-06 15:26:04',78),(303,'2022-04-04','27','2654','','SALE','',-1,106,52,'2022-04-06 15:26:04','2022-04-06 15:26:04',26),(304,'2022-04-04','27','2655','','SALE','',-1,30,53,'2022-04-06 15:30:44','2022-04-06 15:30:44',39),(305,'2022-04-04','27','2655','','SALE','',-1,20,53,'2022-04-06 15:30:44','2022-04-06 15:30:44',37),(306,'2022-04-04','27','2656','','SALE','',-4,91,54,'2022-04-06 15:40:14','2022-04-06 15:40:14',75),(307,'2022-04-04','27','2656','','SALE','',-2,302,54,'2022-04-06 15:40:14','2022-04-06 15:40:14',81),(308,'2022-04-04','27','2656','','SALE','',-4,42,54,'2022-04-06 15:40:14','2022-04-06 15:40:14',95),(309,'2022-04-04','27','2656','','SALE','',-1,31,54,'2022-04-06 15:40:14','2022-04-06 15:40:14',97),(310,'2022-04-04','27','2656','','SALE','',-2,10,54,'2022-04-06 15:40:14','2022-04-06 15:40:14',122),(311,'2022-04-04','27','2656','','SALE','',-1,75,54,'2022-04-06 15:40:14','2022-04-06 15:40:14',33),(312,'2022-04-04','27','2656','','SALE','',-2,17,54,'2022-04-06 15:40:14','2022-04-06 15:40:14',68),(313,'2022-04-04','27','2656','','SALE','',-2,60,54,'2022-04-06 15:40:14','2022-04-06 15:40:14',40),(314,'2022-04-04','27','2657','','SALE','',-5,79,55,'2022-04-06 15:42:25','2022-04-06 15:42:25',42),(315,'2022-04-04','27','2657','','SALE','',-5,37,55,'2022-04-06 15:42:25','2022-04-06 15:42:25',95),(316,'2022-04-04','27','2658','','SALE','',-1,1182,56,'2022-04-06 15:52:52','2022-04-06 15:52:52',159),(317,'2022-04-04','27','2658','','SALE','',-1,90,56,'2022-04-06 15:52:52','2022-04-06 15:52:52',75),(318,'2022-04-04','27','2658','','SALE','',-1,36,56,'2022-04-06 15:52:53','2022-04-06 15:52:53',95),(319,'2022-04-06','27','2660','','SALE','',-1,11,57,'2022-04-06 16:08:01','2022-04-06 16:08:01',34),(320,'2022-04-06','27','2660','','SALE','',-1,78,57,'2022-04-06 16:08:01','2022-04-06 16:08:01',42),(321,'2022-04-06','27','2660','','SALE','',-3,87,57,'2022-04-06 16:08:01','2022-04-06 16:08:01',75),(322,'2022-04-06','27','2660','','SALE','',-2,34,57,'2022-04-06 16:08:01','2022-04-06 16:08:01',95),(323,'2022-04-06','27','2660','','SALE','',-1,16,57,'2022-04-06 16:08:01','2022-04-06 16:08:01',131),(324,'2022-04-06','27','2660','','SALE','',-10,25,57,'2022-04-06 16:08:01','2022-04-06 16:08:01',134),(325,'2022-04-04','27','2661','','SALE','',-1,301,58,'2022-04-06 16:12:32','2022-04-06 16:12:32',81),(326,'2022-04-04','27','2661','','SALE','',-1,19,58,'2022-04-06 16:12:32','2022-04-06 16:12:32',37),(327,'2022-04-04','27','2663','','SALE','',-1,16,59,'2022-04-06 16:14:24','2022-04-06 16:14:24',121),(328,'2022-04-04','27','2663','','SALE','',-1,10,59,'2022-04-06 16:14:24','2022-04-06 16:14:24',119),(331,'2022-04-06','','','+96645','MANUAL STOCK','',2,2,171,'2022-04-06 16:16:53','2022-04-06 16:16:53',158),(332,'2022-04-04','27','2663','','SALE','',-1,1,61,'2022-04-06 16:18:44','2022-04-06 16:18:44',158),(333,'2022-04-04','27','2663','','SALE','',-2,76,61,'2022-04-06 16:18:44','2022-04-06 16:18:44',42),(334,'2022-04-04','27','2665','','SALE','',-25,64,62,'2022-04-06 16:23:07','2022-04-06 16:23:07',60),(335,'2022-04-04','27','2665','','SALE','',-1,0,62,'2022-04-06 16:23:07','2022-04-06 16:23:07',50),(336,'2022-04-04','27','2666','','SALE','',-1,9,63,'2022-04-06 16:28:55','2022-04-06 16:28:55',29),(337,'2022-04-04','27','2666','','SALE','',-1,63,63,'2022-04-06 16:28:55','2022-04-06 16:28:55',70),(338,'2022-04-04','27','2666','','SALE','',-1,74,63,'2022-04-06 16:28:55','2022-04-06 16:28:55',33),(339,'2022-04-04','27','2666','','SALE','',-1,86,63,'2022-04-06 16:28:55','2022-04-06 16:28:55',107),(340,'2022-04-05','27','2667','','SALE','',-1,10,64,'2022-04-06 16:36:53','2022-04-06 16:36:53',34),(341,'2022-04-05','27','2667','','SALE','',-1,44,64,'2022-04-06 16:36:53','2022-04-06 16:36:53',4),(342,'2022-04-05','27','2667','','SALE','',-1,5,64,'2022-04-06 16:36:53','2022-04-06 16:36:53',32),(343,'2022-04-05','27','2667','','SALE','',-1,15,64,'2022-04-06 16:36:53','2022-04-06 16:36:53',131),(344,'2022-04-05','27','2668','','SALE','',-1,14,65,'2022-04-06 17:17:08','2022-04-06 17:17:08',131),(345,'2022-04-05','27','2668','','SALE','',-1,58,65,'2022-04-06 17:17:08','2022-04-06 17:17:08',120),(346,'2022-04-05','27','69','','SALE','',-1,14,66,'2022-04-06 17:19:41','2022-04-06 17:19:41',121),(347,'2022-04-05','27','69','','SALE','',-1,8,66,'2022-04-06 17:19:41','2022-04-06 17:19:41',119),(348,'2022-04-05','27','2670','','SALE','',-3,12,67,'2022-04-06 17:20:47','2022-04-06 17:20:47',9),(349,'2022-04-05','27','2671','','SALE','',-12,15,68,'2022-04-06 17:23:12','2022-04-06 17:23:12',105),(350,'2022-04-05','27','2672','','SALE','',-1,13,69,'2022-04-06 17:38:31','2022-04-06 17:38:31',121),(351,'2022-04-05','27','2672','','SALE','',-1,14,69,'2022-04-06 17:38:32','2022-04-06 17:38:32',132),(352,'2022-04-05','27','2672','','SALE','',-1,5,69,'2022-04-06 17:38:32','2022-04-06 17:38:32',145),(353,'2022-04-05','27','2672','','SALE','',-1,7,69,'2022-04-06 17:38:32','2022-04-06 17:38:32',119),(354,'2022-04-05','27','2673','','SALE','',-12,3,70,'2022-04-06 17:41:52','2022-04-06 17:41:52',105),(355,'2022-04-05','27','2674','','SALE','',-1,105,71,'2022-04-06 17:52:15','2022-04-06 17:52:15',26),(356,'2022-04-05','27','2674','','SALE','',-1,63,71,'2022-04-06 17:52:15','2022-04-06 17:52:15',27),(357,'2022-04-05','27','2675','','SALE','',-1,63,72,'2022-04-06 17:58:10','2022-04-06 17:58:10',60),(358,'2022-04-05','27','2676','','SALE','',-5,58,73,'2022-04-06 18:06:43','2022-04-06 18:06:43',60),(360,'2022-04-05','27','2677','','SALE','',-2,28,75,'2022-04-06 18:12:47','2022-04-06 18:12:47',39),(361,'2022-04-05','27','2678','','SALE','',-1,27,76,'2022-04-06 18:29:06','2022-04-06 18:29:06',39),(362,'2022-04-05','27','2678','','SALE','',-1,4,76,'2022-04-06 18:29:06','2022-04-06 18:29:06',32),(363,'2022-04-05','27','2679','','SALE','',-1,5,77,'2022-04-06 18:44:14','2022-04-06 18:44:14',36),(364,'2022-04-05','27','2679','','SALE','',-1,104,77,'2022-04-06 18:44:14','2022-04-06 18:44:14',26),(365,'2022-04-05','27','2679','','SALE','',-1,86,77,'2022-04-06 18:44:14','2022-04-06 18:44:14',129),(369,'2022-04-05','27','2680','','SALE','',-2,194,79,'2022-04-06 18:49:19','2022-04-06 18:49:19',109),(370,'2022-04-05','27','2681','','SALE','',-1,2,80,'2022-04-06 18:50:53','2022-04-06 18:50:53',105),(371,'2022-04-06','27','2682','','SALE','',-1,13,81,'2022-04-06 18:59:21','2022-04-06 18:59:21',28),(372,'2022-04-06','27','2682','','SALE','',-1,3,81,'2022-04-06 18:59:21','2022-04-06 18:59:21',32),(373,'2022-04-06','27','2682','','SALE','',-1,169,81,'2022-04-06 18:59:21','2022-04-06 18:59:21',94),(374,'2022-04-06','27','2682','','SALE','',-13,9,81,'2022-04-06 18:59:21','2022-04-06 18:59:21',101),(375,'2022-04-06','27','2682','','SALE','',-2,31,81,'2022-04-06 18:59:21','2022-04-06 18:59:21',43),(376,'2022-04-06','27','2684','','SALE','',-1,0,82,'2022-04-06 19:05:05','2022-04-06 19:05:05',150),(377,'2022-04-06','27','2684','','SALE','',-1,52,82,'2022-04-06 19:05:05','2022-04-06 19:05:05',60),(378,'2022-04-06','27','2685','','SALE','',-1,168,83,'2022-04-06 19:07:36','2022-04-06 19:07:36',94),(379,'2022-04-06','27','2685','','SALE','',-1,193,83,'2022-04-06 19:07:36','2022-04-06 19:07:36',109),(382,'2022-04-06','27','2686','','SALE','',-1,43,85,'2022-04-06 19:11:47','2022-04-06 19:11:47',7),(383,'2022-04-06','27','2686','','SALE','',-1,13,85,'2022-04-06 19:11:47','2022-04-06 19:11:47',123),(384,'2022-04-06','27','2686','','SALE','',-1,18,85,'2022-04-06 19:11:47','2022-04-06 19:11:47',37),(385,'2022-04-06','27','2686','','SALE','',-1,39,85,'2022-04-06 19:11:47','2022-04-06 19:11:47',46),(386,'2022-04-06','27','2687','','SALE','',-3,31,86,'2022-04-06 19:16:05','2022-04-06 19:16:05',95),(387,'2022-04-06','27','2687','','SALE','',-2,15,86,'2022-04-06 19:16:06','2022-04-06 19:16:06',68),(388,'2022-04-06','27','2687','','SALE','',-3,84,86,'2022-04-06 19:16:06','2022-04-06 19:16:06',75),(389,'2022-04-06','27','88','','SALE','',-1,2,87,'2022-04-06 19:18:55','2022-04-06 19:18:55',32),(390,'2022-04-06','27','88','','SALE','',-2,29,87,'2022-04-06 19:18:55','2022-04-06 19:18:55',95),(391,'2022-04-06','27','88','','SALE','',-1,1,88,'2022-04-06 19:18:55','2022-04-06 19:18:55',32),(392,'2022-04-06','27','88','','SALE','',-2,27,88,'2022-04-06 19:18:55','2022-04-06 19:18:55',95),(393,'2022-04-06','27','2689','','SALE','',-2,4,89,'2022-04-06 19:20:49','2022-04-06 19:20:49',115),(394,'2022-04-06','27','2690','','SALE','',-1,83,90,'2022-04-06 19:24:50','2022-04-06 19:24:50',75),(395,'2022-04-06','27','2690','','SALE','',-1,56,90,'2022-04-06 19:24:50','2022-04-06 19:24:50',98),(396,'2022-04-06','27','2691','','SALE','',-1,92,91,'2022-04-06 19:27:19','2022-04-06 19:27:19',64),(397,'2022-04-06','27','2693','','SALE','',-1,51,92,'2022-04-06 19:30:43','2022-04-06 19:30:43',60),(398,'2022-04-06','27','2693','','SALE','',-1,84,92,'2022-04-06 19:30:43','2022-04-06 19:30:43',129),(399,'2022-04-06','27','2694','','SALE','',-2,2,93,'2022-04-06 19:34:38','2022-04-06 19:34:38',36),(400,'2022-04-06','27','2694','','SALE','',-2,165,93,'2022-04-06 19:34:38','2022-04-06 19:34:38',94),(401,'2022-04-06','27','2694','','SALE','',-2,190,93,'2022-04-06 19:34:38','2022-04-06 19:34:38',109),(402,'2022-04-06','','','656+5','MANUAL STOCK','',1,3,172,'2022-04-06 19:38:16','2022-04-06 19:38:16',105),(403,'2022-04-06','27','2695','','SALE','',-3,0,94,'2022-04-06 19:41:17','2022-04-06 19:41:17',105),(404,'2022-04-06','27','2695','','SALE','',-10,73,94,'2022-04-06 19:41:17','2022-04-06 19:41:17',75),(405,'2022-04-06','27','2696','','SALE','',-5,4,95,'2022-04-06 19:43:17','2022-04-06 19:43:17',101),(406,'2022-04-07','1','021','','SALE','',-6,22,96,'2022-04-07 09:06:17','2022-04-07 09:06:17',163),(407,'2022-04-07','28','2701','','SALE','',-1,1,97,'2022-04-10 12:03:02','2022-04-10 12:03:02',36),(408,'2022-04-07','28','2701','','SALE','',-1,12,97,'2022-04-10 12:03:02','2022-04-10 12:03:02',28),(409,'2022-04-07','28','2701','','SALE','',-1,26,97,'2022-04-10 12:03:02','2022-04-10 12:03:02',31),(410,'2022-04-07','28','2701','','SALE','',-1,95,97,'2022-04-10 12:03:02','2022-04-10 12:03:02',108),(411,'2022-04-04','28','2703','','SALE','',-4,47,98,'2022-04-10 12:08:48','2022-04-10 12:08:48',60),(412,'2022-04-07','28','2704','','SALE','',-1,13,99,'2022-04-10 12:12:02','2022-04-10 12:12:02',131),(414,'2022-04-07','28','2704','','SALE','',-1,62,99,'2022-04-10 12:12:02','2022-04-10 12:12:02',27),(416,'2022-04-07','28','2704','','SALE','',-3,36,99,'2022-04-10 12:12:02','2022-04-10 12:12:02',46),(418,'2022-04-07','28','2706','','SALE','',-1,12,101,'2022-04-10 12:13:10','2022-04-10 12:13:10',141),(419,'2022-04-07','28','2707','','SALE','',-5,22,102,'2022-04-10 12:15:52','2022-04-10 12:15:52',95),(420,'2022-04-07','28','2707','','SALE','',-1,62,102,'2022-04-10 12:15:52','2022-04-10 12:15:52',70),(421,'2022-04-07','28','2708','','SALE','',-1,59,103,'2022-04-10 12:24:43','2022-04-10 12:24:43',40),(422,'2022-04-07','28','2708','','SALE','',-1,9,103,'2022-04-10 12:24:43','2022-04-10 12:24:43',34),(423,'2022-04-07','28','2709','','SALE','',-2,31,104,'2022-04-10 12:26:44','2022-04-10 12:26:44',46),(424,'2022-04-07','28','2709','','SALE','',-1,0,104,'2022-04-10 12:26:44','2022-04-10 12:26:44',36),(425,'2022-04-07','28','2709','','SALE','',-1,300,104,'2022-04-10 12:26:44','2022-04-10 12:26:44',81),(426,'2022-04-07','28','2711','','SALE','',-1,41,105,'2022-04-10 12:29:33','2022-04-10 12:29:33',127),(428,'2022-04-07','28','2712','','SALE','',-1,39,107,'2022-04-10 12:31:20','2022-04-10 12:31:20',127),(429,'2022-04-07','28','2712','','SALE','',-2,93,107,'2022-04-10 12:31:21','2022-04-10 12:31:21',108),(430,'2022-04-08','28','2713','','SALE','',-1,42,108,'2022-04-10 12:34:47','2022-04-10 12:34:47',79),(431,'2022-04-08','28','2713','','SALE','',-1,5,108,'2022-04-10 12:34:47','2022-04-10 12:34:47',103),(432,'2022-04-08','28','2713','','SALE','',-1,73,108,'2022-04-10 12:34:47','2022-04-10 12:34:47',33),(433,'2022-04-08','28','2714','','SALE','',-2,188,109,'2022-04-10 12:39:14','2022-04-10 12:39:14',109),(434,'2022-04-08','28','2714','','SALE','',-2,163,109,'2022-04-10 12:39:14','2022-04-10 12:39:14',94),(435,'2022-04-08','28','2714','','SALE','',-1,83,109,'2022-04-10 12:39:14','2022-04-10 12:39:14',129),(436,'2022-04-08','28','2715','','SALE','',-1,11,110,'2022-04-10 12:40:27','2022-04-10 12:40:27',131),(437,'2022-04-08','28','2715','','SALE','',-1,72,110,'2022-04-10 12:40:27','2022-04-10 12:40:27',33),(438,'2022-04-08','28','2716','','SALE','',-3,297,111,'2022-04-10 12:47:49','2022-04-10 12:47:49',81),(439,'2022-04-08','28','2716','','SALE','',-2,196,111,'2022-04-10 12:47:49','2022-04-10 12:47:49',78),(440,'2022-04-08','28','2716','','SALE','',-2,161,111,'2022-04-10 12:47:49','2022-04-10 12:47:49',94),(441,'2022-04-08','28','2716','','SALE','',-1,17,111,'2022-04-10 12:47:49','2022-04-10 12:47:49',100),(442,'2022-04-08','28','2716','','SALE','',-1,4,111,'2022-04-10 12:47:49','2022-04-10 12:47:49',145),(443,'2022-04-08','28','2716','','SALE','',-1,9,111,'2022-04-10 12:47:49','2022-04-10 12:47:49',153),(444,'2022-04-08','28','2717','','SALE','',-2,295,112,'2022-04-10 12:49:41','2022-04-10 12:49:41',81),(445,'2022-04-08','28','2717','','SALE','',-2,29,112,'2022-04-10 12:49:41','2022-04-10 12:49:41',46),(446,'2022-04-08','28','2717','','SALE','',-1,72,112,'2022-04-10 12:49:41','2022-04-10 12:49:41',75),(447,'2022-04-08','28','2718','','SALE','',-2,70,113,'2022-04-10 12:54:14','2022-04-10 12:54:14',75),(450,'2022-04-08','28','2718','','SALE','',-1,195,113,'2022-04-10 12:54:14','2022-04-10 12:54:14',78),(452,'2022-04-08','28','2718','','SALE','',-1,160,113,'2022-04-10 12:54:14','2022-04-10 12:54:14',94),(455,'2022-04-08','28','2718','','SALE','',-1,19,113,'2022-04-10 12:54:14','2022-04-10 12:54:14',71),(459,'2022-04-08','28','2720','','SALE','',-1,82,116,'2022-04-10 12:57:50','2022-04-10 12:57:50',129),(461,'2022-04-08','28','2720','','SALE','',-1,12,116,'2022-04-10 12:57:50','2022-04-10 12:57:50',121),(463,'2022-04-07','','','10001401','PURCHASE STOCK','',1,1,6,'2022-04-10 13:06:10','2022-04-10 13:06:10',166),(464,'2022-04-08','28','2721','','SALE','',-1,0,118,'2022-04-10 13:08:06','2022-04-10 13:08:06',166),(465,'2022-04-08','28','2722','','SALE','',-2,191,119,'2022-04-10 13:10:12','2022-04-10 13:10:12',78),(466,'2022-04-08','28','2722','','SALE','',-1,52,119,'2022-04-10 13:10:12','2022-04-10 13:10:12',128),(469,'2022-04-08','28','2723','','SALE','',-2,59,121,'2022-04-10 13:12:57','2022-04-10 13:12:57',27),(470,'2022-04-08','28','2723','','SALE','',-1,102,121,'2022-04-10 13:12:57','2022-04-10 13:12:57',26),(471,'2022-04-09','28','2724','','SALE','',-3,0,122,'2022-04-10 13:15:48','2022-04-10 13:15:48',91),(472,'2022-04-09','28','2724','','SALE','',-2,100,122,'2022-04-10 13:15:48','2022-04-10 13:15:48',26),(473,'2022-04-09','28','2724','','SALE','',-2,57,122,'2022-04-10 13:15:48','2022-04-10 13:15:48',27),(474,'2022-04-10','28','2725','','SALE','',-2,74,123,'2022-04-10 13:19:07','2022-04-10 13:19:07',42),(475,'2022-04-10','28','2725','','SALE','',-2,27,123,'2022-04-10 13:19:07','2022-04-10 13:19:07',46),(476,'2022-04-10','28','2725','','SALE','',-1,3,123,'2022-04-10 13:19:07','2022-04-10 13:19:07',52),(477,'2022-04-10','28','2725','','SALE','',-1,56,123,'2022-04-10 13:19:07','2022-04-10 13:19:07',27),(478,'2022-04-09','28','2726','','SALE','',-7,33,124,'2022-04-10 13:22:05','2022-04-10 13:22:05',69),(479,'2022-04-09','28','2726','','SALE','',-1,71,124,'2022-04-10 13:22:05','2022-04-10 13:22:05',33),(480,'2022-04-09','28','2726','','SALE','',-1,8,124,'2022-04-10 13:22:05','2022-04-10 13:22:05',34),(481,'2022-04-09','28','2726','','SALE','',-7,85,124,'2022-04-10 13:22:05','2022-04-10 13:22:05',64),(482,'2022-04-09','28','2728','','SALE','',-2,89,125,'2022-04-10 13:24:57','2022-04-10 13:24:57',41),(483,'2022-04-05','','','2103000276','PURCHASE STOCK','',108,108,7,'2022-04-10 13:33:28','2022-04-10 13:33:28',167),(484,'2022-04-09','28','2729','','SALE','',-1,8,126,'2022-04-10 13:37:40','2022-04-10 13:37:40',29),(485,'2022-04-09','28','2729','','SALE','',-1,7,127,'2022-04-10 13:37:40','2022-04-10 13:37:40',29),(486,'2022-04-09','28','2729','','SALE','',-1,61,126,'2022-04-10 13:37:40','2022-04-10 13:37:40',70),(487,'2022-04-09','28','2729','','SALE','',-1,60,127,'2022-04-10 13:37:40','2022-04-10 13:37:40',70),(488,'2022-04-09','28','2729','','SALE','',-1,70,126,'2022-04-10 13:37:40','2022-04-10 13:37:40',33),(489,'2022-04-09','28','2729','','SALE','',-1,69,127,'2022-04-10 13:37:40','2022-04-10 13:37:40',33),(490,'2022-04-09','28','2729','','SALE','',-1,107,126,'2022-04-10 13:37:40','2022-04-10 13:37:40',167),(491,'2022-04-09','28','2729','','SALE','',-1,106,127,'2022-04-10 13:37:40','2022-04-10 13:37:40',167),(492,'2022-04-09','28','2729','','SALE','',-2,87,126,'2022-04-10 13:37:40','2022-04-10 13:37:40',41),(493,'2022-04-09','28','2729','','SALE','',-2,85,127,'2022-04-10 13:37:40','2022-04-10 13:37:40',41),(494,'2022-04-09','28','2730','','SALE','',-2,25,128,'2022-04-10 13:41:49','2022-04-10 13:41:49',46),(495,'2022-04-09','28','2730','','SALE','',-1,1,128,'2022-04-10 13:41:49','2022-04-10 13:41:49',58),(496,'2022-04-09','28','2730','','SALE','',-2,293,128,'2022-04-10 13:41:49','2022-04-10 13:41:49',81),(497,'2022-04-09','28','2730','','SALE','',-2,64,128,'2022-04-10 13:41:49','2022-04-10 13:41:49',75),(498,'2022-04-09','28','2730','','SALE','',-1,105,128,'2022-04-10 13:41:49','2022-04-10 13:41:49',167),(499,'2022-04-09','28','2731','','SALE','',-3,2,129,'2022-04-10 13:42:55','2022-04-10 13:42:55',103),(500,'2022-04-10','28','2732','','SALE','',-2,186,130,'2022-04-10 13:44:12','2022-04-10 13:44:12',109),(501,'2022-04-10','28','2732','','SALE','',-1,104,130,'2022-04-10 13:44:12','2022-04-10 13:44:12',167),(502,'2022-04-10','28','2733','','SALE','',-1,10,131,'2022-04-10 13:45:42','2022-04-10 13:45:42',131),(503,'2022-04-10','28','2733','','SALE','',-1,68,131,'2022-04-10 13:45:42','2022-04-10 13:45:42',33),(504,'2022-04-10','28','2734','','SALE','',-2,5,132,'2022-04-10 13:47:31','2022-04-10 13:47:31',29),(505,'2022-04-10','28','2734','','SALE','',-2,58,132,'2022-04-10 13:47:31','2022-04-10 13:47:31',70),(506,'2022-04-10','28','2735','','SALE','',-9,16,133,'2022-04-10 13:52:24','2022-04-10 13:52:24',46),(507,'2022-04-10','28','2735','','SALE','',-1,67,133,'2022-04-10 13:52:24','2022-04-10 13:52:24',33),(508,'2022-04-10','28','2735','','SALE','',-1,9,133,'2022-04-10 13:52:24','2022-04-10 13:52:24',131),(509,'2022-04-10','28','2735','','SALE','',-3,11,133,'2022-04-10 13:52:24','2022-04-10 13:52:24',132),(510,'2022-04-10','28','2736','','SALE','',-2,65,134,'2022-04-10 13:53:59','2022-04-10 13:53:59',33),(511,'2022-04-10','28','2736','','SALE','',-2,7,134,'2022-04-10 13:53:59','2022-04-10 13:53:59',131),(513,'2022-04-10','28','2736','','SALE','',-8,8,134,'2022-04-10 13:53:59','2022-04-10 13:53:59',46),(516,'2022-04-10','28','2737','','SALE','',-3,141,136,'2022-04-10 13:57:05','2022-04-10 13:57:05',117),(517,'2022-04-07','','','10001402','PURCHASE STOCK','',100,139,8,'2022-04-10 14:09:12','2022-04-10 14:09:12',127),(518,'2022-04-07','','','10001402','PURCHASE STOCK','',100,111,8,'2022-04-10 14:09:12','2022-04-10 14:09:12',121),(519,'2022-04-07','','','10001402','PURCHASE STOCK','',50,50,8,'2022-04-10 14:09:12','2022-04-10 14:09:12',168),(520,'2022-04-07','','','10001402','PURCHASE STOCK','',100,135,8,'2022-04-10 14:09:12','2022-04-10 14:09:12',126),(521,'2022-04-07','','','10001406','PURCHASE STOCK','',24,24,9,'2022-04-10 14:16:25','2022-04-10 14:16:25',169),(522,'2022-04-07','','','10001406','PURCHASE STOCK','',24,24,9,'2022-04-10 14:16:25','2022-04-10 14:16:25',170),(523,'2022-04-09','','','10001471','PURCHASE STOCK','',20,20,10,'2022-04-10 14:20:00','2022-04-10 14:20:00',171),(524,'2022-04-08','','','87A7211038','PURCHASE STOCK','',240,248,11,'2022-04-10 14:35:28','2022-04-10 14:35:28',72),(525,'2022-04-08','','','87A7211038','PURCHASE STOCK','',400,400,11,'2022-04-10 14:35:28','2022-04-10 14:35:28',89),(526,'2022-04-08','','','87A7211038','PURCHASE STOCK','',120,120,11,'2022-04-10 14:35:28','2022-04-10 14:35:28',73),(527,'2022-04-08','','','87A7211038','PURCHASE STOCK','',300,342,11,'2022-04-10 14:35:28','2022-04-10 14:35:28',76),(528,'2022-04-08','','','87A7211038','PURCHASE STOCK','',400,402,11,'2022-04-10 14:35:28','2022-04-10 14:35:28',77);
/*!40000 ALTER TABLE `stockbooks` ENABLE KEYS */;
UNLOCK TABLES;

--
-- Table structure for table `transfers`
--

DROP TABLE IF EXISTS `transfers`;
/*!40101 SET @saved_cs_client     = @@character_set_client */;
/*!40101 SET character_set_client = utf8 */;
CREATE TABLE `transfers` (
  `id` int(11) NOT NULL AUTO_INCREMENT,
  `date` date DEFAULT NULL,
  `bookNumber` varchar(255) DEFAULT NULL,
  `billNumber` varchar(255) DEFAULT NULL,
  `amount` float DEFAULT NULL,
  `notes` varchar(255) DEFAULT NULL,
  `createdAt` datetime NOT NULL,
  `updatedAt` datetime NOT NULL,
  `fromAccountId` int(11) DEFAULT NULL,
  `toAccountId` int(11) DEFAULT NULL,
  PRIMARY KEY (`id`),
  KEY `fromAccountId` (`fromAccountId`),
  KEY `toAccountId` (`toAccountId`),
  CONSTRAINT `transfers_ibfk_1` FOREIGN KEY (`fromAccountId`) REFERENCES `accounts` (`id`) ON DELETE SET NULL ON UPDATE CASCADE,
  CONSTRAINT `transfers_ibfk_2` FOREIGN KEY (`toAccountId`) REFERENCES `accounts` (`id`) ON DELETE SET NULL ON UPDATE CASCADE
) ENGINE=InnoDB AUTO_INCREMENT=2 DEFAULT CHARSET=utf8;
/*!40101 SET character_set_client = @saved_cs_client */;

--
-- Dumping data for table `transfers`
--

LOCK TABLES `transfers` WRITE;
/*!40000 ALTER TABLE `transfers` DISABLE KEYS */;
INSERT INTO `transfers` VALUES (1,'2022-04-06','27','2698',10000,'','2022-04-06 19:55:13','2022-04-06 19:55:13',1,79);
/*!40000 ALTER TABLE `transfers` ENABLE KEYS */;
UNLOCK TABLES;

--
-- Table structure for table `units`
--

DROP TABLE IF EXISTS `units`;
/*!40101 SET @saved_cs_client     = @@character_set_client */;
/*!40101 SET character_set_client = utf8 */;
CREATE TABLE `units` (
  `id` int(11) NOT NULL AUTO_INCREMENT,
  `name` varchar(255) DEFAULT NULL,
  `description` varchar(255) DEFAULT NULL,
  `allowDecimal` tinyint(1) DEFAULT NULL,
  `createdAt` datetime NOT NULL,
  `updatedAt` datetime NOT NULL,
  PRIMARY KEY (`id`),
  UNIQUE KEY `name` (`name`)
) ENGINE=InnoDB AUTO_INCREMENT=7 DEFAULT CHARSET=utf8;
/*!40101 SET character_set_client = @saved_cs_client */;

--
-- Dumping data for table `units`
--

LOCK TABLES `units` WRITE;
/*!40000 ALTER TABLE `units` DISABLE KEYS */;
INSERT INTO `units` VALUES (1,'Pack','Packet',0,'2022-03-31 08:53:18','2022-03-31 08:53:18'),(2,'Bottle','Bottle',0,'2022-03-31 08:53:18','2022-03-31 08:53:18'),(3,'KG','Kilogram',1,'2022-03-31 08:53:18','2022-03-31 08:53:18'),(4,'G','Gram',1,'2022-03-31 08:53:18','2022-03-31 08:53:18'),(5,'L','Litre',1,'2022-03-31 08:53:18','2022-03-31 08:53:18'),(6,'ML','MilliLitre',1,'2022-03-31 08:53:18','2022-03-31 08:53:18');
/*!40000 ALTER TABLE `units` ENABLE KEYS */;
UNLOCK TABLES;

--
-- Table structure for table `users`
--

DROP TABLE IF EXISTS `users`;
/*!40101 SET @saved_cs_client     = @@character_set_client */;
/*!40101 SET character_set_client = utf8 */;
CREATE TABLE `users` (
  `id` int(11) NOT NULL AUTO_INCREMENT,
  `username` varchar(255) NOT NULL,
  `password` varchar(255) NOT NULL,
  `createdAt` datetime NOT NULL,
  `updatedAt` datetime NOT NULL,
  PRIMARY KEY (`id`),
  UNIQUE KEY `username` (`username`)
) ENGINE=InnoDB AUTO_INCREMENT=2 DEFAULT CHARSET=utf8;
/*!40101 SET character_set_client = @saved_cs_client */;

--
-- Dumping data for table `users`
--

LOCK TABLES `users` WRITE;
/*!40000 ALTER TABLE `users` DISABLE KEYS */;
INSERT INTO `users` VALUES (1,'akram','akram','2022-03-31 08:53:18','2022-03-31 08:53:18');
/*!40000 ALTER TABLE `users` ENABLE KEYS */;
UNLOCK TABLES;
/*!40103 SET TIME_ZONE=@OLD_TIME_ZONE */;

/*!40101 SET SQL_MODE=@OLD_SQL_MODE */;
/*!40014 SET FOREIGN_KEY_CHECKS=@OLD_FOREIGN_KEY_CHECKS */;
/*!40014 SET UNIQUE_CHECKS=@OLD_UNIQUE_CHECKS */;
/*!40101 SET CHARACTER_SET_CLIENT=@OLD_CHARACTER_SET_CLIENT */;
/*!40101 SET CHARACTER_SET_RESULTS=@OLD_CHARACTER_SET_RESULTS */;
/*!40101 SET COLLATION_CONNECTION=@OLD_COLLATION_CONNECTION */;
/*!40111 SET SQL_NOTES=@OLD_SQL_NOTES */;

-- Dump completed on 2022-04-12 12:49:00
